Name,Price,Images,Details
Large Small Lazy Sofa Cover Chairs Without Filler Linen Cloth Lounger Seat Bean Bag Pouf Puff Couch Tatami Living Room,US $7.07,"https://ae-pic-a1.aliexpress-media.com/kf/S331c40c4a2114a78b945d8c39e62351e1.jpg_220x220q75.jpg_.avif,https://ae-pic-a1.aliexpress-media.com/kf/Sccbceeb00b1247f89e3772f3d61c2c940.jpg_220x220q75.jpg_.avif,https://ae-pic-a1.aliexpress-media.com/kf/S1a7a9a94f1ae4dce88ad576d77edc4a9W.jpg_220x220q75.jpg_.avif,https://ae-pic-a1.aliexpress-media.com/kf/S4fbd87b96d744d83b68a89bdec7efc36g.jpg_220x220q75.jpg_.avif,https://ae-pic-a1.aliexpress-media.com/kf/Scd38b6d7607748f391367ea8cb5fcfc3w.jpg_220x220q75.jpg_.avif","['Hign-concerned Chemical', 'None', 'Installation Method', 'self-contained', 'Model Number', 'Bean Bag Sofas Chair Cover Only', 'Origin', 'Mainland China', 'For The Number', 'SINGLE', 'Material', 'Fabric', 'Feature', 'Without Filler', 'Package Included', 'only Bean Bag sofa cover', 'Note', 'Just Cover NO filling']"
Inflatable Lazy Sofa Chair PVC Flocking Foldable Sofa With Slip-on Lunch Lounge Chair Set,US $53.16,"https://ae-pic-a1.aliexpress-media.com/kf/S986b0c9c6327469d887474fd24f2f313V.jpg_220x220q75.jpg_.avif,https://ae-pic-a1.aliexpress-media.com/kf/S71494c5aac414454872845972d7b2a6eu.jpg_220x220q75.jpg_.avif,https://ae-pic-a1.aliexpress-media.com/kf/S91fefca505dd45f090862e18aa31ab40O.jpg_220x220q75.jpg_.avif,https://ae-pic-a1.aliexpress-media.com/kf/S3316984328a74f04b68215cc12e1cda9R.jpg_220x220q75.jpg_.avif,https://ae-pic-a1.aliexpress-media.com/kf/S672287133a2c47fa941f69917694d0e66.jpg_220x220q75.jpg_.avif","['Hign-concerned Chemical', 'None', 'Installation Method', 'Assembly', 'is_SofaBed', 'No', 'Sofa Width', '＜2000mm', 'Filling', 'a', 'Fabric', 'Composite Fabrics', 'is_customized', 'Yes', 'Model Number', 'MTJ-05', 'General Use', 'Home Furniture', 'Specific Use', 'Living Room Sofa', 'With Storage', 'No', 'Origin', 'Mainland China', 'Style', 'Minimalist Modern', 'Size', '116*98*83CM', 'Type', 'Living Room Furniture', 'Combination', 'SINGLE', 'Material', 'PVC', 'Appearance', 'Modern Style', 'CN', 'Zhejiang', 'Place Of Origin', 'china', 'Style', 'Corner Sofa']"
"CX268KF Minimalist multi functional foldable sofa bed,dual-use, economical, small-sized rental room，apartment, fabric sofa",US $149.86,"https://ae-pic-a1.aliexpress-media.com/kf/S104ce0cfaf4c423fa3ef18c38b373d92K.png_220x220.png_.avif,https://ae-pic-a1.aliexpress-media.com/kf/S104ce0cfaf4c423fa3ef18c38b373d92K.png_220x220.png_.avif,https://ae-pic-a1.aliexpress-media.com/kf/S4b3b96b1b2f34c9faf97249b4c64a3dbP.png_220x220.png_.avif,https://ae-pic-a1.aliexpress-media.com/kf/S36ac83afcf084876a07ec9d116bba969J.png_220x220.png_.avif,https://ae-pic-a1.aliexpress-media.com/kf/S5c7e664198e942b692df5bebcc77c072C.png_220x220.png_.avif","['Hign-concerned Chemical', 'None', 'Installation Method', 'Assembly', 'is_SofaBed', 'YES', 'Sofa Width', '＜2000mm', 'Filling', 'sponge', 'Fabric', 'Composite Fabrics', 'is_customized', 'Yes', 'General Use', 'Home Furniture', 'Specific Use', 'Living Room Sofa', 'With Storage', 'Yes', 'Origin', 'Mainland China', 'Style', 'Minimalist Modern', 'Size', '1700cm', 'Type', 'Living Room Furniture', 'Combination', 'SINGLE', 'Material', 'Fabric', 'Appearance', 'Modern Style', 'CN', 'Hebei', 'Style', 'SOFA BED']"
Nordic Modern Single Sofa Small-sized Dual-use Tatami for Living Room Bedroom Leisure Chairs Comfortable Furniture 60x60x40cm,US $88.46,"https://ae-pic-a1.aliexpress-media.com/kf/Sb3b647b30c344f0bbbd73e503adb08bdH.jpg_220x220q75.jpg_.avif,https://ae-pic-a1.aliexpress-media.com/kf/Sf8ad58c902e646279c0155f9b2066e37J.jpg_220x220q75.jpg_.avif,https://ae-pic-a1.aliexpress-media.com/kf/Sf5c7b013ed434cc1aa1074fde0fe801aI.jpg_220x220q75.jpg_.avif,https://ae-pic-a1.aliexpress-media.com/kf/S537b82c7831a4848964ae9e8b5b14403x.jpg_220x220q75.jpg_.avif,https://ae-pic-a1.aliexpress-media.com/kf/Sfc3415785c0043ffb78931d7c5a05b8eB.jpg_220x220q75.jpg_.avif","['Hign-concerned Chemical', 'None', 'Installation Method', 'Assembly', 'Sofa Width', '＜2000mm', 'Filling', 'sponge', 'Fabric', 'Velvet', 'General Use', 'Home Furniture', 'Specific Use', 'Living Room Sofa', 'With Storage', 'No', 'Origin', 'Mainland China', 'Style', 'Minimalist Modern', 'Type', 'Living Room Furniture', 'Material', 'Fabric', 'Appearance', 'Classical,Modern Style,Traditional,Scandinavia,Modern Morocco', 'CN', 'Guangdong', 'Style', 'SOFA BED']"
"03 Home sofa fabric, available in multiple colors, randomly send samples",US $4.16,https://ae-pic-a1.aliexpress-media.com/kf/S74262483f22741afa2cad2e81862aeddk.jpg_220x220q75.jpg_.avif,"['Hign-concerned Chemical', 'None', 'Installation Method', 'self-contained', 'Sofa Width', '＜2000mm', 'General Use', 'Home Furniture', 'Specific Use', 'Living Room Sofa', 'Origin', 'Mainland China', 'Type', 'Living Room Furniture', 'Appearance', 'Modern Style', 'CN', 'Guangdong']"
GUIG Little Monster Beanbag Couch Can Lie On The Balcony Tatami Cushion Small Bedroom Single Sofa Chair Cama Sofa Living Room,US $31.48,"https://ae-pic-a1.aliexpress-media.com/kf/S20749fbdaeff448683fff90c5fb7da51Q.jpg_220x220q75.jpg_.avif,https://ae-pic-a1.aliexpress-media.com/kf/Se0553130e07a4203923f9951d97907212.jpg_220x220q75.jpg_.avif,https://ae-pic-a1.aliexpress-media.com/kf/S669c1e59b6a749338985b12bc44721f0y.jpg_220x220q75.jpg_.avif,https://ae-pic-a1.aliexpress-media.com/kf/S29475944ed54492ab673c51cb2fdd4b4V.jpg_220x220q75.jpg_.avif,https://ae-pic-a1.aliexpress-media.com/kf/Se3eda266ed3d4e3fbea200ec3054c872x.jpg_220x220q75.jpg_.avif","['Hign-concerned Chemical', 'None', 'Installation Method', 'self-contained', 'is_SofaBed', 'YES', 'Sofa Width', '＜2000mm', 'Filling', 'sponge', 'Fabric', 'Hemp', 'is_customized', 'Yes', 'Model Number', 'GUIG073', 'General Use', 'Home Furniture', 'Specific Use', 'Living Room Sofa', 'With Storage', 'No', 'Origin', 'Mainland China', 'Style', 'Minimalist Modern', 'Brand Name', 'GUIG', 'Material', 'Fabric', 'Appearance', 'Modern Style', 'CN', 'Zhejiang', 'Style', 'L-shaped', 'SKU', 'GUIG073']"
Luxury Italian living room sofas modular Electric Recliner sofa bed Multi-functional leather home theater sofa l shape furniture,"US $1,373.13","https://ae-pic-a1.aliexpress-media.com/kf/S76d3c50a75934a2dbdc360587a243f01s.jpg_220x220q75.jpg_.avif,https://ae-pic-a1.aliexpress-media.com/kf/S76d3c50a75934a2dbdc360587a243f01s.jpg_220x220q75.jpg_.avif,https://ae-pic-a1.aliexpress-media.com/kf/Sa257765d415d4aa5b90ad96c4f712209M.jpg_220x220q75.jpg_.avif,https://ae-pic-a1.aliexpress-media.com/kf/S778ba7d7fb2a4616a559034fb35c6e04r.jpg_220x220q75.jpg_.avif,https://ae-pic-a1.aliexpress-media.com/kf/S2c45c759cd07402bb134420074998b97A.jpg_220x220q75.jpg_.avif","['Hign-concerned Chemical', 'None', 'Installation Method', 'Assembly', 'is_SofaBed', 'YES', 'Sofa Width', '＜2000mm', 'Filling', 'sponge', 'is_customized', 'Yes', 'Model Number', 'X-201', 'General Use', 'Home Furniture', 'Specific Use', 'Living Room Sofa', 'Origin', 'Mainland China', 'Style', 'Minimalist Modern', 'Brand Name', 'KOMBAT', 'Type', 'Living Room Furniture', 'Combination', 'L-shaped', 'Material', 'Genuine Leather', 'Appearance', 'Modern Style', 'CN', 'Tianjin', 'Style', 'Corner Sofa']"
Modern Smart Electric Sofa Bed Nordic Luxury Reclining Retractable Living Room Sofa Lazy Puff Home Furniture Sofa Cama FYRS,"US $2,512.25","https://ae-pic-a1.aliexpress-media.com/kf/S9375d7e03f584210bbeb068a5453470eU.jpg_220x220q75.jpg_.avif,https://ae-pic-a1.aliexpress-media.com/kf/S9375d7e03f584210bbeb068a5453470eU.jpg_220x220q75.jpg_.avif,https://ae-pic-a1.aliexpress-media.com/kf/Sa1db8f31cbb249889e2a1071b62362dei.jpg_220x220q75.jpg_.avif,https://ae-pic-a1.aliexpress-media.com/kf/S8aabad3dc60d432dbceddc05b63b89e5N.jpg_220x220q75.jpg_.avif,https://ae-pic-a1.aliexpress-media.com/kf/Sdc57db663c8349d188f76944b2cc18205.jpg_220x220q75.jpg_.avif","['Hign-concerned Chemical', 'None', 'Installation Method', 'self-contained', 'Sofa Width', '2000mm~2400mm,＞2400mm', 'Filling', 'Emulsion', 'Fabric', 'Synthetic leather', 'General Use', 'Home Furniture', 'Specific Use', 'Living Room Sofa', 'Origin', 'Mainland China', 'Style', 'Minimalist Modern', 'Type', 'Living Room Furniture', 'Material', 'Wood', 'Appearance', 'Modern Style,Scandinavia,Modern Morocco', 'CN', 'Guangdong', 'Place Of Origin', 'CN', 'Style', 'SOFA BED']"
Bauhaus LC3 Leather Single Sofa Small Living Room Casual Down Italian Minimalist Single Double Straight Row Sofa Chair Furniture,US $431.36,"https://ae-pic-a1.aliexpress-media.com/kf/S94eb52dc2eac4013aa6a42d18db3dffdO.jpg_220x220q75.jpg_.avif,https://ae-pic-a1.aliexpress-media.com/kf/S94eb52dc2eac4013aa6a42d18db3dffdO.jpg_220x220q75.jpg_.avif,https://ae-pic-a1.aliexpress-media.com/kf/S189eaee0c44040dfac28da76bc4361f9Y.jpg_220x220q75.jpg_.avif,https://ae-pic-a1.aliexpress-media.com/kf/S5dbf1309bfb64f5ea0b5cc9ef49ff4f5a.jpg_220x220q75.jpg_.avif,https://ae-pic-a1.aliexpress-media.com/kf/S402f753a963b4deeb320b1357acf5ebcV.jpg_220x220q75.jpg_.avif","['Hign-concerned Chemical', 'None', 'Installation Method', 'self-contained', 'Sofa Width', '＜2000mm', 'Fabric', 'Composite Fabrics', 'General Use', 'Home Furniture', 'Specific Use', 'Living Room Sofa', 'Origin', 'Mainland China', 'Type', 'Living Room Furniture', 'Appearance', 'Modern Style', 'CN', 'Guangdong', 'Leather material', 'first layer dermis', 'Filler hardness', 'Moderate softness and hardness', 'Structural process', 'Leather Art', 'filler', 'sponge + down', 'Sofa combination', 'straight row']"
"Caterpillar Internet celebrity lazy sofa reclining sleepable bedroom balcony tatami single sofa ins wind sofa, 99% praise",US $174.76,"https://ae-pic-a1.aliexpress-media.com/kf/Sdd310fa7f6ab4916aac368f80351eaf8Z.jpg_220x220q75.jpg_.avif,https://ae-pic-a1.aliexpress-media.com/kf/S2a35245d55624cc7ac38cc1d381d7585N.jpg_220x220q75.jpg_.avif,https://ae-pic-a1.aliexpress-media.com/kf/Sa077bb1f78344075aec389036382acd1t.jpg_220x220q75.jpg_.avif,https://ae-pic-a1.aliexpress-media.com/kf/Sc97dd3f7a35f4143ae427ef90a808cd2j.jpg_220x220q75.jpg_.avif,https://ae-pic-a1.aliexpress-media.com/kf/Sfd9ac6e88afd46adbda7e6c4bf81d11d0.jpg_220x220q75.jpg_.avif","['Hign-concerned Chemical', 'None', 'Installation Method', 'self-contained', 'is_SofaBed', 'YES', 'Sofa Width', '＜2000mm', 'Filling', 'sponge', 'Fabric', 'Composite Fabrics', 'is_customized', 'Yes', 'Model Number', 'sf25113', 'General Use', 'Home Furniture', 'Specific Use', 'Living Room Sofa', 'With Storage', 'Yes', 'Origin', 'Mainland China', 'Style', 'Minimalist Modern', 'Brand Name', 'YQXH', 'Size', '70X90X85cm/70X93X95cm', 'Type', 'Living Room Furniture', 'Combination', 'SINGLE', 'Material', 'Genuine Leather', 'Appearance', 'Modern Style,Scandinavia,Modern Morocco', 'CN', 'Sichuan', 'Place Of Origin', 'China', 'Style', 'SOFA BED', 'Pattern Type', 'solid color', 'brand', 'Other home', 'Finish fabric', 'microfiber leather', 'filler', 'sponge', 'Lazy sofa frame material', 'other', 'Whether to support customization', 'Customization is not supported.', 'Is it removable and washable?', 'removable and washable', 'style', 'Simple and modern', 'Applicable number of people', '1 person', 'pattern', 'solid color', 'Sofa cover material', 'Suede', 'Is there a liner?', 'It has a liner.', 'Is it packaged?', 'whole package', 'place of origin', 'Chinese mainland', 'place of delivery', 'Shandong Province']"
"Straight L-shaped Living Room Sofa, Vacuum Compression Roll-wrapped Sofa,Removable and Washable Corduroy Fabric, Polymer Sponge",US $364.16,"https://ae-pic-a1.aliexpress-media.com/kf/Sc9b7720b0dc741ce94fb10c8fa88f964b.jpg_220x220q75.jpg_.avif,https://ae-pic-a1.aliexpress-media.com/kf/Sc630be7bfbb7437081eb98ccade9daa0G.jpg_220x220q75.jpg_.avif,https://ae-pic-a1.aliexpress-media.com/kf/Saea0c7fcb81d4bb0b5bad25d80cb3008t.jpg_220x220q75.jpg_.avif,https://ae-pic-a1.aliexpress-media.com/kf/S7e574a0870b4455d942596f665ff6e52V.jpg_220x220q75.jpg_.avif,https://ae-pic-a1.aliexpress-media.com/kf/S31663266e0af45929a3d4fd973c085f8J.jpg_220x220q75.jpg_.avif","['Hign-concerned Chemical', 'None', 'Installation Method', 'self-contained', 'Sofa Width', '＜2000mm', 'Filling', 'sponge', 'Fabric', 'Velvet', 'General Use', 'Home Furniture', 'Specific Use', 'Living Room Sofa', 'With Storage', 'No', 'Origin', 'Mainland China', 'Style', 'Minimalist Modern', 'Size', 'As shown in the picture', 'Type', 'Living Room Furniture', 'Combination', 'L-shaped', 'Material', 'Fabric', 'Appearance', 'Modern Style,Scandinavia,Modern Morocco', 'CN', 'Guangdong', 'Place Of Origin', 'CN', 'Style', 'L-shaped', 'Pattern Type', 'Solid color', 'Fabric', 'Corduroy', 'Additional Features', 'Removable and washable', 'Filling', 'Sponge', 'Sort by color', 'Multiple colors available']"
CX555EE Modern Sofa Combinations with Flexible Fabric Modules Furniture-Inspired Living Room Sofa Minimalist Style Comfortable,US $336.21,"https://ae-pic-a1.aliexpress-media.com/kf/Sd7d0b23db4644033966997cd638823a7y.jpg_220x220q75.jpg_.avif,https://ae-pic-a1.aliexpress-media.com/kf/Sd7d0b23db4644033966997cd638823a7y.jpg_220x220q75.jpg_.avif,https://ae-pic-a1.aliexpress-media.com/kf/S6eb6109337034f30ac5f60afde09456cx.jpg_220x220q75.jpg_.avif,https://ae-pic-a1.aliexpress-media.com/kf/Se08123748d894d2faf83f043138da896b.jpg_220x220q75.jpg_.avif,https://ae-pic-a1.aliexpress-media.com/kf/S985be8253c5f4d0083a24be87634cae2s.jpg_220x220q75.jpg_.avif","['Hign-concerned Chemical', 'None', 'Installation Method', 'self-contained', 'is_SofaBed', 'No', 'Sofa Width', '＞2400mm', 'Filling', 'sponge', 'Fabric', 'Velvet', 'is_customized', 'Yes', 'General Use', 'Home Furniture', 'Specific Use', 'Living Room Sofa', 'With Storage', 'No', 'Origin', 'Mainland China', 'Style', 'Ming and Qing Classical', 'Size', '100cm100cm', 'Type', 'Living Room Furniture', 'Combination', 'ARC', 'Material', 'Fabric', 'Appearance', 'Classical,Modern Style,Scandinavia', 'CN', 'Guangdong', 'Place Of Origin', 'China', 'Style', 'SOFA BED', 'Pattern Type', 'No']"
Nordic Light Luxury Leather Living Room Chair Single Sofas Modern Leisure Sofa Chairs Personality Back Rest Sofa Home Furniture,US $198.26,"https://ae-pic-a1.aliexpress-media.com/kf/Se6f02a5cb9fb4174a2e0ddb253128400S.jpg_220x220q75.jpg_.avif,https://ae-pic-a1.aliexpress-media.com/kf/Sb6cf4ac6880e4dac95833902ef22f62ah.jpg_220x220q75.jpg_.avif,https://ae-pic-a1.aliexpress-media.com/kf/S5a1068a3dfbd466bac2876f961370ee39.jpg_220x220q75.jpg_.avif,https://ae-pic-a1.aliexpress-media.com/kf/S9697423499304d6292f114857d8d8fbcR.jpg_220x220q75.jpg_.avif,https://ae-pic-a1.aliexpress-media.com/kf/Sbef90d2a5f274cd9816a91a2eb3438bb0.jpg_220x220q75.jpg_.avif","['Hign-concerned Chemical', 'None', 'Installation Method', 'Assembly', 'is_SofaBed', 'No', 'Sofa Width', '＜2000mm', 'Filling', 'sponge', 'Fabric', 'Fabric', 'Model Number', '30', 'General Use', 'Home Furniture', 'Specific Use', 'Living Room Sofa', 'With Storage', 'No', 'Origin', 'Mainland China', 'Style', 'Europe and America', 'Brand Name', 'FOSUHOUSE', 'Size', '40*66*78cm', 'Type', 'Living Room Furniture', 'Combination', 'SINGLE', 'Material', 'Synthetic Leather', 'Appearance', 'Modern Style,Scandinavia,Modern Morocco', 'Place Of Origin', 'China', 'Style', 'L-shaped', 'Pattern Type', '1']"
Modern Sectional Clearance Sofa Set Modular Couch for Living Room Office Home Office Apartment with Removable Bag Use Furniture,US $380.46,"https://ae-pic-a1.aliexpress-media.com/kf/S8b1348701f1e4878a6161ea5104eebbau.jpg_220x220q75.jpg_.avif,https://ae-pic-a1.aliexpress-media.com/kf/Sd15344bbf86a45c39157d32ddea41b23g.jpg_220x220q75.jpg_.avif,https://ae-pic-a1.aliexpress-media.com/kf/S70f67c09460f4e6095fc281af7bb2cc8y.jpg_220x220q75.jpg_.avif,https://ae-pic-a1.aliexpress-media.com/kf/S58abee5def784e3d85b5db9b835ec72aL.jpg_220x220q75.jpg_.avif,https://ae-pic-a1.aliexpress-media.com/kf/S3d8c6d01b05b4e5d8ddd56fe65ee353dL.jpg_220x220q75.jpg_.avif","['Hign-concerned Chemical', 'None', 'Installation Method', 'Assembly', 'Sofa Width', '＜2000mm,2000mm~2400mm,＞2400mm', 'Fabric', 'Velvet', 'Origin', 'Mainland China', 'Appearance', 'Classical,Modern Style,Traditional,Scandinavia,Modern Morocco', 'CN', 'Guangdong', 'Brand Name', 'XMSJ', 'CN', 'Guangdong', 'application', 'Living Room, Bedroom, Hotel, Apartment, Office Building, Hall, Villa', 'feature', 'Modular', 'material', 'Fabric', 'design style', 'Modern', 'inflatable', 'NO', 'sofa type', 'set, Luxury Living Room Sofa Set', 'style', 'Sectional Sofa', 'brand name', 'NEWSEN', 'mail packing', 'N', 'place of origin', 'Guangdong, China', 'model number', 'LRF1001', 'Product name', 'filling white modular corner sectional sofa couch', 'Cover Material', 'Fabric', 'MOQ', '1 Set', 'Packing', 'Woven Bag/Carton Packing', 'OEM', 'Avialbale']"
American Retro Single Sofa Leisure Tiger Chair Small Apartment Simple Balcony Living Room Small Sofa Chair Furniture,US $281.30,"https://ae-pic-a1.aliexpress-media.com/kf/S1db70d931b71472caa2bfd279c480f2bO.jpg_220x220q75.jpg_.avif,https://ae-pic-a1.aliexpress-media.com/kf/See33baf893054e17be121e2ee840298d8.jpg_220x220q75.jpg_.avif,https://ae-pic-a1.aliexpress-media.com/kf/S2317275335944678b4ece43c321a2a57w.jpg_220x220q75.jpg_.avif,https://ae-pic-a1.aliexpress-media.com/kf/S851c65a513bb4cc5940ab605b213099fp.jpg_220x220q75.jpg_.avif,https://ae-pic-a1.aliexpress-media.com/kf/Sd09b670514eb4a75bc5d5209fdb74acfY.jpg_220x220q75.jpg_.avif","['Sofa Width', '＜2000mm', 'Fabric', 'COTTON', 'General Use', 'Home Furniture', 'Specific Use', 'Living Room Sofa', 'With Storage', 'No', 'Origin', 'Mainland China', 'Style', 'American Country', 'Type', 'Living Room Furniture', 'Appearance', 'Classical', 'CN', 'Guangdong', 'Place Of Origin', 'china']"
Europe Fancy Couches Sofa Chairs Filling Living Room Lazy Designer White Sofa Bed House Modern Loveseat Divano Home Furniture,"US $1,589.68","https://ae-pic-a1.aliexpress-media.com/kf/S90af4051cf7f41599fd292377281bd56I.jpg_220x220q75.jpg_.avif,https://ae-pic-a1.aliexpress-media.com/kf/Sab3443cdc6014bb3a841d8f9807f753aH.jpg_220x220q75.jpg_.avif,https://ae-pic-a1.aliexpress-media.com/kf/S57b64eb3148348a6860480576ff1ccc0G.jpg_220x220q75.jpg_.avif,https://ae-pic-a1.aliexpress-media.com/kf/S975b4f5542a94ca8933b184770545b82K.jpg_220x220q75.jpg_.avif,https://ae-pic-a1.aliexpress-media.com/kf/S8ff3de8f30a44a7ea8108f6972673cc3p.jpg_220x220q75.jpg_.avif","['Hign-concerned Chemical', 'None', 'Installation Method', 'Assembly', 'Sofa Width', '＜2000mm,2000mm~2400mm,＞2400mm', 'Filling', 'sponge', 'Fabric', 'Composite Fabrics', 'is_customized', 'Yes', 'Model Number', 'divani da soggiorno', 'General Use', 'Home Furniture', 'Specific Use', 'Living Room Sofa', 'With Storage', 'Yes', 'Origin', 'Mainland China', 'Type', 'Living Room Furniture', 'Material', 'Wood', 'Appearance', 'Modern Style', 'CN', 'Guangdong', 'model', 'LY0092', 'material quality', 'wood', 'Wooden material', 'oak', 'pattern', 'Art', 'style', 'Minimalist and modern', 'Popular elements', 'Designed by Master Logger', 'Sofa frame', 'wood', 'infilling', 'Highly resilient foam sponge', 'Can it be customized', 'yes', 'Packaging length', '1.8m-2m', 'Additional features', 'multifunction', 'Applicable object', 'adult', 'Can it be disassembled and replaced', 'yes', 'Furniture structure', 'frame construction', 'place of production', 'Guangdong Province', 'Prefecture', 'Foshan City', 'county', 'Shunde District', 'Is it assembled?', 'yes', 'Packaging volume', '1.5', 'Can taxis be transported?', 'no', 'Style positioning', 'Economic type', 'Installation Instructions Details', 'Provide installation instructions video', 'Logistics', 'Free shipping', 'Product Name 1', 'sofas para el hogar', 'Product Name 2', 'woonkamer banken', 'Product Name 3', 'sofa modernos para sala', 'Product Name 4', 'divano letto', 'Product Name 5', 'wohnzimmer sofas', 'Product Selling Points 1', 'living room furniture', 'Product Selling Points 2', 'sofaset furniture for living room', 'Product Selling Points 3', 'apartment furniture']"
Togo caterpillar lazy sofa recliner Internet celebrity single living room bedroom tatami balcony lounge chair,US $163.92,"https://ae-pic-a1.aliexpress-media.com/kf/S80e5d61e74184d0caaae69544977ec76Y.jpg_220x220q75.jpg_.avif,https://ae-pic-a1.aliexpress-media.com/kf/S7611e0c6cf0a4cd3ace8bc5ac64826c2w.jpg_220x220q75.jpg_.avif,https://ae-pic-a1.aliexpress-media.com/kf/S07b2dac408184362905d8a443e35ac3an.jpg_220x220q75.jpg_.avif,https://ae-pic-a1.aliexpress-media.com/kf/Se8c5251627254bf1b3be13a17ddc5ae7Q.jpg_220x220q75.jpg_.avif,https://ae-pic-a1.aliexpress-media.com/kf/S63cb2df5b73949d3947b810ee704866a5.jpg_220x220q75.jpg_.avif","['Hign-concerned Chemical', 'None', 'Installation Method', 'self-contained', 'is_SofaBed', 'YES', 'Sofa Width', '＜2000mm', 'Filling', 'sponge', 'Fabric', 'Composite Fabrics', 'is_customized', 'Yes', 'Model Number', 'sf2534', 'General Use', 'Home Furniture', 'Specific Use', 'Living Room Sofa', 'With Storage', 'Yes', 'Origin', 'Mainland China', 'Style', 'Minimalist Modern', 'Brand Name', 'YQXH', 'Size', '70X93X95cm', 'Type', 'Living Room Furniture', 'Combination', 'SINGLE', 'Material', 'Genuine Leather', 'Appearance', 'Modern Style,Scandinavia,Modern Morocco', 'CN', 'Sichuan', 'Place Of Origin', 'China', 'Style', 'SOFA BED', 'Pattern Type', 'solid color', 'brand', 'Wise Silk Pavilion', 'Finish fabric', 'microfiber leather', 'filler', 'sponge', 'Lazy sofa frame material', 'other', 'Is it removable and washable?', 'removable and washable', 'style', 'Simple and modern', 'Applicable number of people', '1 person', 'pattern', 'Solid color, stripes', 'Sofa cover material', 'Suede', 'Is it packaged?', 'whole package', 'place of origin', 'Chinese mainland']"
Small Bean Bag Sofas Children Balcony Household Corner Stool Lightweight Striped Cartoon Seat Soft Plush Fabric Kids Couch Sofa,US $29.32,"https://ae-pic-a1.aliexpress-media.com/kf/S6e6903020563432491c8e378cc09d106V.jpg_220x220q75.jpg_.avif,https://ae-pic-a1.aliexpress-media.com/kf/S08aa1db426e246c9b17b9f857b69af9el.jpg_220x220q75.jpg_.avif,https://ae-pic-a1.aliexpress-media.com/kf/S32e0023498f549059cba667f35189373Q.jpg_220x220q75.jpg_.avif,https://ae-pic-a1.aliexpress-media.com/kf/S1cfcf7869b644638ac6966e674b8e45ee.jpg_220x220q75.jpg_.avif,https://ae-pic-a1.aliexpress-media.com/kf/S4f088cd1a8164dacb4c9ce8497d760aaT.jpg_220x220q75.jpg_.avif","['Hign-concerned Chemical', 'None', 'Installation Method', 'self-contained', 'Brand Name', 'NoEnName_Null', 'Origin', 'Mainland China', 'For The Number', 'SINGLE', 'Material', 'Fabric', 'Feature 1', 'Skin friendly fabric', 'Feature 2', 'Comfortable sitting experience', 'Feature 3', 'Full filling', 'Feature 4', 'Lamb cashmere/EPS particles', 'Feature 5', 'Thick and wear-resistant', 'Feature 6', 'puffs sofa', 'Feature 7', 'sofa hichable']"
Caterpillar sofa black lazy single leisure chair togo original small apartment balcony living room lying leather,US $163.14,"https://ae-pic-a1.aliexpress-media.com/kf/Sd94585f8087740329234480984bf53daD.jpg_220x220q75.jpg_.avif,https://ae-pic-a1.aliexpress-media.com/kf/Sa01d96144acd4d33b1c9839303135f4co.jpg_220x220q75.jpg_.avif,https://ae-pic-a1.aliexpress-media.com/kf/S7a56bd34b6b74a1da40cae77d690c6353.jpg_220x220q75.jpg_.avif,https://ae-pic-a1.aliexpress-media.com/kf/S122c7f01bcac43158ba75e5d4d7321f4D.jpg_220x220q75.jpg_.avif,https://ae-pic-a1.aliexpress-media.com/kf/S8323f16830b74cb9b271b2c0f5bef47eb.jpg_220x220q75.jpg_.avif","['Hign-concerned Chemical', 'None', 'Installation Method', 'self-contained', 'is_SofaBed', 'No', 'Sofa Width', '＜2000mm', 'Filling', 'sponge', 'Fabric', 'Composite Fabrics', 'is_customized', 'Yes', 'Model Number', 'sf2411/20', 'General Use', 'Home Furniture', 'Specific Use', 'Living Room Sofa', 'With Storage', 'Yes', 'Origin', 'Mainland China', 'Style', 'Minimalist Modern', 'Brand Name', 'YQXH', 'Size', '85X93X70cm', 'Type', 'Living Room Furniture', 'Combination', 'SINGLE', 'Material', 'Genuine Leather', 'Appearance', 'Modern Style,Scandinavia,Modern Morocco', 'CN', 'Sichuan', 'Place Of Origin', 'China', 'Style', 'SOFA BED', 'Pattern Type', 'solid colpr', 'brand', 'Siberai', 'Finish fabric', 'Artificial leather', 'filler', 'sponge', 'Lazy sofa frame material', 'other', 'Whether to support customization', 'Support customization', 'Is it removable and washable?', 'removable and washable', 'style', 'Simple and modern', 'Applicable number of people', '1 person', 'pattern', 'Lattice', 'Sofa cover material', 'Artificial leather', 'Is there a liner?', 'It has a liner.', 'Is it packaged?', 'whole package', 'place of origin', 'Chinese mainland']"
Black waffle single sofa chair living room balcony designer backrest square sofa casual lazy recliner,US $149.89,"https://ae-pic-a1.aliexpress-media.com/kf/S13a313b8c6084b81993ecf0d8dd22c20a.jpg_220x220q75.jpg_.avif,https://ae-pic-a1.aliexpress-media.com/kf/S72f3f3b0ef9043a5920888412f6b52ebZ.jpg_220x220q75.jpg_.avif,https://ae-pic-a1.aliexpress-media.com/kf/S2f35ba6ae6c84f87ba0581b32832b3b5k.jpg_220x220q75.jpg_.avif,https://ae-pic-a1.aliexpress-media.com/kf/Sb5c033d5d34b46a48188042c9b850ddcx.jpg_220x220q75.jpg_.avif,https://ae-pic-a1.aliexpress-media.com/kf/S2b81514e78314651bc3f8f9cd5bff5f6o.jpg_220x220q75.jpg_.avif","['Hign-concerned Chemical', 'None', 'Installation Method', 'self-contained', 'is_SofaBed', 'YES', 'Sofa Width', '＜2000mm', 'Filling', 'sponge', 'Fabric', 'Composite Fabrics', 'is_customized', 'Yes', 'Model Number', 'sf25219', 'General Use', 'Home Furniture', 'Specific Use', 'Living Room Sofa', 'With Storage', 'No', 'Origin', 'Mainland China', 'Style', 'Minimalist Modern', 'Brand Name', 'YQXH', 'Size', '77X84X66cm', 'Type', 'Living Room Furniture', 'Combination', 'SINGLE', 'Material', 'Fabric', 'Appearance', 'Modern Style,Scandinavia,Modern Morocco', 'CN', 'Sichuan', 'Place Of Origin', 'China', 'Style', 'SOFA BED', 'Pattern Type', 'solid color', 'brand', 'Jin Xiang', 'Finish fabric', 'other', 'filler', 'sponge', 'Lazy sofa frame material', 'other', 'Whether to support customization', 'Customization is not supported.', 'Is it removable and washable?', 'Non-washable', 'style', 'Simple and modern', 'Applicable number of people', '1 person', 'pattern', 'solid color', 'Sofa cover material', 'Corduroy', 'Is there a liner?', 'No liner', 'Is it packaged?', 'whole package', 'place of origin', 'Chinese mainland']"
Family Minimalist Living Room Sofas Bed Lazy Relaxing Economic Sofas Elegant Designer Oturma Odası Kanepeleri Home Furniture,"US $1,824.18","https://ae-pic-a1.aliexpress-media.com/kf/S9914e06b80604a09b8bf5796cf08d17dU.jpg_220x220q75.jpg_.avif,https://ae-pic-a1.aliexpress-media.com/kf/Sc32fdf6c29824820b7fe76ee6a59ca0a3.jpg_220x220q75.jpg_.avif,https://ae-pic-a1.aliexpress-media.com/kf/S007440a1c55149ba9577e30f3e7e115d1.jpg_220x220q75.jpg_.avif,https://ae-pic-a1.aliexpress-media.com/kf/Sbb0d32af4be841ee824e8640359e2398C.jpg_220x220q75.jpg_.avif,https://ae-pic-a1.aliexpress-media.com/kf/Se9cd10f522874dd88721c0d553a2c7fdu.jpg_220x220q75.jpg_.avif","['Hign-concerned Chemical', 'None', 'Installation Method', 'self-contained', 'is_SofaBed', 'YES', 'Sofa Width', '＜2000mm', 'Filling', 'sponge', 'Fabric', 'Velvet', 'is_customized', 'Yes', 'Model Number', 'wohnzimmer sofas', 'General Use', 'Home Furniture', 'Specific Use', 'Living Room Sofa', 'With Storage', 'No', 'Origin', 'Mainland China', 'Style', 'Minimalist Modern', 'Brand Name', 'DUTRIEUX', 'Size', '40x40x15', 'Type', 'Living Room Furniture', 'Combination', 'L-shaped', 'Material', 'Wood', 'Appearance', 'Modern Style,Scandinavia,Modern Morocco', 'CN', 'Guangdong', 'Place Of Origin', 'China', 'Style', 'L-shaped', 'Pattern Type', 'other', 'material quality', 'wood', 'Wood material', 'pine', 'Fabric', 'Lamb cashmere', 'pattern', 'Art', 'Filler', 'sponge', 'Applicable object', 'adult', 'Logistics', 'Free shipping', 'Optional logistics', 'DHL FEDEX UPS', 'Product Name 1', 'wohnzimmer sofas', 'Product Name 2', 'divani da soggiorno', 'Product Name 3', 'sofy do salonu', 'Product Name 4', 'canape salon', 'Product Name 5', 'woonkamer banken', 'Product Selling Points 1', 'living room sofas modern', 'Product Selling Points 2', 'living room sofas minimalist', 'Product Selling Points 3', 'living room sofas family']"
Cream Style Living Room Sofas Small Apartment Brown Retro Velvet Marshmallow Cloud Sofa Home Double Balcony Leisure Sofa,US $322.94,"https://ae-pic-a1.aliexpress-media.com/kf/S34c124e10b6345b78433f217ad06a6b1C.jpg_220x220q75.jpg_.avif,https://ae-pic-a1.aliexpress-media.com/kf/Sc59dd9cf8c67429d860c08e2aab568cej.jpg_220x220q75.jpg_.avif,https://ae-pic-a1.aliexpress-media.com/kf/Se2801685d44541889c60b91b58d50961P.jpg_220x220q75.jpg_.avif,https://ae-pic-a1.aliexpress-media.com/kf/Scc4094a36ff54d68b1fd379b72fed8a05.jpg_220x220q75.jpg_.avif,https://ae-pic-a1.aliexpress-media.com/kf/S14e52c1619df44fbaa0545b84f2e0673x.jpg_220x220q75.jpg_.avif","['Hign-concerned Chemical', 'None', 'Installation Method', 'self-contained', 'is_SofaBed', 'YES', 'Sofa Width', '＜2000mm', 'Filling', 'sponge', 'Fabric', 'Composite Fabrics', 'is_customized', 'Yes', 'Model Number', '1', 'General Use', 'Home Furniture', 'Specific Use', 'Living Room Sofa', 'Origin', 'Mainland China', 'Style', 'Minimalist Modern', 'Brand Name', 'FOSUHOUSE', 'Type', 'Living Room Furniture', 'Combination', 'L-shaped', 'Material', 'Fabric', 'Appearance', 'Modern Style', 'CN', 'Guangdong', 'Place Of Origin', 'CN', 'Style', 'SOFA BED']"
Wabi-sabi Corduroy Fabric Beancurd Block Living Room Sofa Straight Row Corner Vacuum Compression Sofa Recliner Lounge Furniture,US $755.66,"https://ae-pic-a1.aliexpress-media.com/kf/Se58f902dd8144fe6a2dbcc13f272ae07Z.jpg_220x220q75.jpg_.avif,https://ae-pic-a1.aliexpress-media.com/kf/S0d70b3a05537480fa5dcd5706b71424fp.jpg_220x220q75.jpg_.avif,https://ae-pic-a1.aliexpress-media.com/kf/Sa6317fec6977495cae8b4bd226bed99bj.jpg_220x220q75.jpg_.avif,https://ae-pic-a1.aliexpress-media.com/kf/S15b2534673904693a5885ea4f50c9b22o.jpg_220x220q75.jpg_.avif,https://ae-pic-a1.aliexpress-media.com/kf/S9cf4c7536eca4dbbb4ebd02b4a14ebb7L.jpg_220x220q75.jpg_.avif","['Hign-concerned Chemical', 'None', 'Installation Method', 'self-contained', 'Sofa Width', '＜2000mm,2000mm~2400mm,＞2400mm', 'Filling', 'sponge', 'Fabric', 'Velvet', 'is_customized', 'Yes', 'Model Number', 'T-028', 'General Use', 'Home Furniture', 'Specific Use', 'Living Room Sofa', 'With Storage', 'No', 'Origin', 'Mainland China', 'Style', 'American Country', 'Type', 'Living Room Furniture', 'Combination', 'L-shaped', 'Material', 'Fabric', 'Appearance', 'Classical,Modern Style,Traditional,Scandinavia,Modern Morocco', 'CN', 'Guangdong', 'Style', 'L-shaped']"
"Nordic-style Lazy Sofa, Thick Corduroy Cloud Design, Extra Wide Seat Depth, Vacuum Compressed Packaging Living Room Furniture","US $1,342.47","https://ae-pic-a1.aliexpress-media.com/kf/S13db0339e62d4237aab8aa4835535d58V.jpg_220x220q75.jpg_.avif,https://ae-pic-a1.aliexpress-media.com/kf/S1ea91ce2bb8049fc8f59ede0f5f2bcfee.jpg_220x220q75.jpg_.avif,https://ae-pic-a1.aliexpress-media.com/kf/S4f6e4f74991f4adba5dc4bce620738c1T.jpg_220x220q75.jpg_.avif,https://ae-pic-a1.aliexpress-media.com/kf/S980bc358550d467e88c8252e99b8f1b4x.jpg_220x220q75.jpg_.avif,https://ae-pic-a1.aliexpress-media.com/kf/S25975d4ad700499e91bdbe088d04979ce.jpg_220x220q75.jpg_.avif","['Hign-concerned Chemical', 'None', 'Installation Method', 'self-contained', 'is_SofaBed', 'YES', 'Sofa Width', '2000mm~2400mm', 'Filling', 'sponge', 'Fabric', 'Velvet', 'is_customized', 'Yes', 'Model Number', 'JWB', 'General Use', 'Home Furniture', 'Specific Use', 'Living Room Sofa', 'With Storage', 'No', 'Origin', 'Mainland China', 'Style', 'Minimalist Modern', 'Type', 'Living Room Furniture', 'Material', 'Fabric', 'Appearance', 'Modern Style', 'CN', 'Guangdong', 'Style', 'Corner Sofa', 'Can it be customized?', 'Yes', 'material', 'Fabric', 'fabric', '3D fabric', 'Fabric finishing process', 'flocking', 'style', 'Modern minimalism', 'Whether to assemble', 'No', 'Does it have storage space?', 'No', 'Sofa combination', 'straight row', 'Applicable object', 'general purpose', 'How many people sit', 'three people']"
Relaxing Decor Living Room Sofas Couch Lazy Recliner Luxury Minimalist Sofas Nordic Leather Designer Divano Hotel Furniture,"US $2,953.06","https://ae-pic-a1.aliexpress-media.com/kf/S56ead898e7094f0090e6df24159da13eN.jpg_220x220q75.jpg_.avif,https://ae-pic-a1.aliexpress-media.com/kf/S56ead898e7094f0090e6df24159da13eN.jpg_220x220q75.jpg_.avif,https://ae-pic-a1.aliexpress-media.com/kf/Scb73981cce5644ad97802ff7ee77f1faH.jpg_220x220q75.jpg_.avif,https://ae-pic-a1.aliexpress-media.com/kf/Sc839749627db489494a62a993aa86d736.jpg_220x220q75.jpg_.avif,https://ae-pic-a1.aliexpress-media.com/kf/S85a05b1b881f4ddab3f23d78671c43ea5.jpg_220x220q75.jpg_.avif","['Hign-concerned Chemical', 'None', 'Installation Method', 'self-contained', 'is_SofaBed', 'No', 'Sofa Width', '＜2000mm', 'Filling', 'sponge', 'Fabric', 'Composite Fabrics', 'is_customized', 'Yes', 'Model Number', 'home', 'General Use', 'Home Furniture', 'Specific Use', 'Living Room Sofa', 'With Storage', 'No', 'Origin', 'Mainland China', 'Style', 'Corner Sofa', 'Size', '180X90X90CM', 'Type', 'Living Room Furniture', 'Combination', 'SINGLE', 'Material', 'Fabric', 'Appearance', 'Modern Style,Scandinavia,Modern Morocco', 'Place Of Origin', 'china', 'CN', 'Guangdong', 'style', 'Modern minimalism', 'Whether to assemble', 'Yes', 'fabric', 'Cat scratching cloth', 'prefecture', 'Foshan', 'districts and counties', 'Shunde District', 'Applicable object', 'general purpose', 'Structural process', 'woodworking', 'Can it be customized?', 'No', 'filler', 'sponge', 'Sofa combination', 'straight row', 'material', 'wood', 'Wood material', 'pine', 'place of origin', 'Guangdong Province', 'Is the taxi transportable?', 'No', 'style positioning', 'Quality luxury']"
Creative Design Cloud Shape Living Room Sofas madern Fabric Minimalist European Corner Couch Cozy Cushions Home Furnitures n,"US $1,241.47","https://ae-pic-a1.aliexpress-media.com/kf/S839c10d032d04200b465e6d92599116e8.jpg_220x220q75.jpg_.avif,https://ae-pic-a1.aliexpress-media.com/kf/S4319cf4c77144376b19b38b1205b6e18H.jpg_220x220q75.jpg_.avif,https://ae-pic-a1.aliexpress-media.com/kf/Sbb499db3cecf432da8fc05102b5c64b6A.jpg_220x220q75.jpg_.avif,https://ae-pic-a1.aliexpress-media.com/kf/S7b8f9592aac34a2f8540fed66cdc958ci.jpg_220x220q75.jpg_.avif,https://ae-pic-a1.aliexpress-media.com/kf/S1bd911968efc4a8b9f90142f33d988e8T.jpg_220x220q75.jpg_.avif","['Hign-concerned Chemical', 'None', 'Installation Method', 'self-contained', 'is_SofaBed', 'No', 'Sofa Width', '＜2000mm', 'Filling', 'sponge', 'Fabric', 'Velvet', 'is_customized', 'Yes', 'Model Number', 'DDFZ26', 'General Use', 'Home Furniture', 'Specific Use', 'Living Room Sofa', 'With Storage', 'No', 'Origin', 'Mainland China', 'Style', 'Minimalist Modern', 'Brand Name', 'FOSUHOUSE', 'Size', '110/160x78x85', 'Type', 'Living Room Furniture', 'Material', 'Fabric', 'Appearance', 'Modern Style,Scandinavia,Modern Morocco', 'CN', 'Guangdong', 'Place Of Origin', 'china', 'Pattern Type', 'NO', 'texture of wood', 'wood', 'Wood material', 'Matsuki', 'plus material; shell fabric; lining', 'flannelette', 'pattern', 'Art', 'style', 'Northern Europe', 'Color classification', '110*78*85 160*78*85', 'infilling', 'sponge', 'Structural process', 'Wood craft', 'Wooden structure technology', 'other', 'Is it customizable?', 'not', 'Sofa combination form', 'other', 'Can it be disassembled and washed', 'not', 'Additional features', 'Other /other', 'Applicable objects', 'adult', 'Do you have storage space?', 'not', 'Fabric finishing process', 'flocking', 'Filler hardness', 'soft', 'Style positioning', 'Art style type', 'production information 1', 'living room sofa nordic', 'production information 2', 'living room sofa luxury', 'production information 3', 'lazy sofa', 'production information 4', 'european style', 'production information 5', 'home furniture']"
Soft Upholstered Modern Couch Comfortable Cushions Living Room Chaise 3 Seater Leather Sofa,"US $1,054.12","https://ae-pic-a1.aliexpress-media.com/kf/Sa8b50ceeadce4c8c9f5abc19680924fed.jpg_220x220q75.jpg_.avif,https://ae-pic-a1.aliexpress-media.com/kf/S68e19bf11fce4fb2a3152cab4810514f1.jpg_220x220q75.jpg_.avif,https://ae-pic-a1.aliexpress-media.com/kf/S7dcffda47edc43b49df75fb430ba04f0g.jpg_220x220q75.jpg_.avif,https://ae-pic-a1.aliexpress-media.com/kf/S3f6a01d12b494f74988d976fb39f0c97k.jpg_220x220q75.jpg_.avif,https://ae-pic-a1.aliexpress-media.com/kf/Sfd4f8eb019b44434b00c38dc8f0bcebak.jpg_220x220q75.jpg_.avif","['Hign-concerned Chemical', 'None', 'Installation Method', 'self-contained', 'Sofa Width', '2000mm~2400mm', 'Fabric', 'Composite Fabrics', 'is_customized', 'Yes', 'General Use', 'Home Furniture', 'Specific Use', 'Living Room Sofa', 'Origin', 'Mainland China', 'Brand Name', 'XMSJ', 'Type', 'Living Room Furniture', 'Appearance', 'Modern Style', 'CN', 'Guangdong', 'Feature', 'Modular', 'Material', 'synthetic leather', 'Design Style', 'Contemporary', 'Inflatable', 'NO', 'Type', 'Three Seat', 'Style', 'Sectional Sofa', 'Mail packing', 'N', 'Place of Origin', 'Guangdong, China', 'Model Number', 'p05', 'CBM', '1.2', 'Headrest', 'Fix', 'Covered material', 'nappa leather', 'Seater', 'S-spring, rubber band,foam(30-45),polyester foam', 'Color', 'Color as you request', 'General use', 'Home Furniture', 'Frame', 'Solid Wood+Plywood', 'Packing', 'Strong Soft Packing', 'Usage', 'Livingroom Furniture, home furniture', 'Payment terms', 'T/T 40%deposit 60%balance']"
Couch Pouf Living Room Sofas Futon Floor Designer Relaxing Filling Nordic Living Room Sofas Room Decor Divano Home Furniture,"US $5,139.73","https://ae-pic-a1.aliexpress-media.com/kf/S25158e3d2bb54e2faafa350652103f93c.jpg_220x220q75.jpg_.avif,https://ae-pic-a1.aliexpress-media.com/kf/S75376779b4bf4c63bb6303fe55c6d5f61.jpg_220x220q75.jpg_.avif,https://ae-pic-a1.aliexpress-media.com/kf/Sa01f2afaf80a4286badc4ba9ce36a829k.jpg_220x220q75.jpg_.avif,https://ae-pic-a1.aliexpress-media.com/kf/S690608ada4b04f739e4851a5565d8286y.jpg_220x220q75.jpg_.avif,https://ae-pic-a1.aliexpress-media.com/kf/S90c91bd13cd84e80b5191f1e3d5abf2f6.jpg_220x220q75.jpg_.avif","['Hign-concerned Chemical', 'None', 'Installation Method', 'self-contained', 'is_SofaBed', 'No', 'Sofa Width', '＜2000mm,2000mm~2400mm,＞2400mm', 'Filling', 'sponge', 'Fabric', 'Composite Fabrics', 'is_customized', 'Yes', 'General Use', 'Home Furniture', 'Specific Use', 'Living Room Sofa', 'With Storage', 'No', 'Origin', 'Mainland China', 'Style', 'Minimalist Modern', 'Brand Name', 'DUTRIEUX', 'Size', '210x180cm', 'Type', 'Living Room Furniture', 'Combination', 'L-shaped', 'Material', 'Wood', 'Appearance', 'Classical,Modern Style,Traditional,Scandinavia,Modern Morocco', 'CN', 'Guangdong', 'Place Of Origin', 'CHINA', 'Style', 'Chesterfield Sofa', 'Pattern Type', 'Art', 'Store Name', 'DUTRIEUX JUNLAN Store Store', 'Fabric', 'Cat scratch cloth', 'pattern', 'Art', 'style', 'Modern minimalism', 'Popular elements', 'Splicing', 'Filler', 'sponge', 'Structural technology', 'Wood craft', 'Wooden structure craftsmanship', 'Splicing board', 'Whether it is customizable', 'yes', 'Sofa combination form', 'L-shaped', 'additional function', 'portability', 'Applicable object', 'currency', 'Does it have storage space', 'No', 'Can taxis be transported', 'No', 'positioning', 'Economic type', 'country', 'China', 'Place of Origin', 'Guangdong Province', 'Local City', 'Foshan City', 'Hardness of filling material', 'Moderate softness and hardness', 'texture of material', 'wood', 'Did the designer design it', 'yes', 'provide home delivery service', 'yes', 'Production cycle', '7 days', 'Transportation time', '40-60 days', 'brand', 'DUTRIEUX', 'colour', 'Contact customer service', 'customized', 'yes', 'Discount', 'Contact customer service', 'Installation Instructions Details', 'No installation instructions provided', 'backrest', '3A grade cotton']"
Regale Arrival Living Room Sofas Modern Luxury Italian Lounge Sofa Puff Modern Loveseat Luxury Muebles Postmodern Furniture,US $446.50,"https://ae-pic-a1.aliexpress-media.com/kf/Se0cad42201e645839f29f255100237a9F.jpg_220x220q75.jpg_.avif,https://ae-pic-a1.aliexpress-media.com/kf/S44bb6e7e643c454c8cd4c891471f7a4dm.jpg_220x220q75.jpg_.avif,https://ae-pic-a1.aliexpress-media.com/kf/S05318f7a4f764f0f81643887fa541cfb3.jpg_220x220q75.jpg_.avif,https://ae-pic-a1.aliexpress-media.com/kf/S7e679daca96a4ac5b7c3c2d793c1ebe8q.jpg_220x220q75.jpg_.avif,https://ae-pic-a1.aliexpress-media.com/kf/Sf4954815125a4a3684b9969764cc8358h.jpg_220x220q75.jpg_.avif","['Hign-concerned Chemical', 'None', 'Installation Method', 'Assembly', 'Sofa Width', '＜2000mm,2000mm~2400mm', 'Filling', 'sponge', 'Fabric', 'Composite Fabrics', 'is_customized', 'Yes', 'Model Number', 'Divani', 'General Use', 'Home Furniture', 'Specific Use', 'Living Room Sofa', 'With Storage', 'No', 'Origin', 'Mainland China', 'Style', 'Europe and America', 'Brand Name', 'DUTRIEUX', 'Type', 'Living Room Furniture', 'Combination', 'U-shaped', 'Material', 'Wood', 'Appearance', 'Scandinavia,Modern Style,Scandinavia,Modern Morocco,Modern Morocco,Modern Style', 'CN', 'Guangdong', 'Place Of Origin', 'China', 'Style', 'SOFA BED']"
"Folding Lounge Chair, Sofa Bed, Dual-purpose Leisure Small-sized Sofa, Multifunctional Nap, Simple Sofa Bed Armchair",US $172.71,"https://ae-pic-a1.aliexpress-media.com/kf/S411164a0f1d14ac3a94e4c94f3d1fda1L.jpg_220x220q75.jpg_.avif,https://ae-pic-a1.aliexpress-media.com/kf/S411164a0f1d14ac3a94e4c94f3d1fda1L.jpg_220x220q75.jpg_.avif,https://ae-pic-a1.aliexpress-media.com/kf/S6e4c957f944c4eb7a378e1f028fcc3a1c.jpg_220x220q75.jpg_.avif,https://ae-pic-a1.aliexpress-media.com/kf/S02b3ade78cf8486da139a997355a8620T.jpg_220x220q75.jpg_.avif,https://ae-pic-a1.aliexpress-media.com/kf/S99e8c0c581ac4d4eabd7ee20dced7f4fG.jpg_220x220q75.jpg_.avif","['Hign-concerned Chemical', 'None', 'Installation Method', 'self-contained', 'is_SofaBed', 'No', 'Sofa Width', '＜2000mm', 'Fabric', 'Composite Fabrics', 'General Use', 'Home Furniture', 'Specific Use', 'Living Room Sofa', 'With Storage', 'No', 'Origin', 'Mainland China', 'Style', 'Minimalist Modern', 'Type', 'Living Room Furniture', 'Appearance', 'Modern Style', 'CN', 'Guangdong', 'Style', 'SOFA BED']"
Sleeper Bed Living Room Sofa Couch Corner Outdoor Puffs Cloud Living Room Sofa modern Sofas Para El Hogar Living Room Furniture,US $322.41,"https://ae-pic-a1.aliexpress-media.com/kf/S8c03255a80aa4284959d7e4a608f7d20D.jpg_220x220q75.jpg_.avif,https://ae-pic-a1.aliexpress-media.com/kf/Scba5dec6c6b54839b148df23fd8dd0fdc.jpg_220x220q75.jpg_.avif,https://ae-pic-a1.aliexpress-media.com/kf/S1d98275b19c44f63be769784ebc13e6eQ.jpg_220x220q75.jpg_.avif,https://ae-pic-a1.aliexpress-media.com/kf/Sf4aa1181e5794e77adc513b4adf419f5f.jpg_220x220q75.jpg_.avif,https://ae-pic-a1.aliexpress-media.com/kf/S8a9feefe75df45d8b19b2ede3b3303ae8.jpg_220x220q75.jpg_.avif","['Hign-concerned Chemical', 'None', 'Installation Method', 'Assembly', 'is_SofaBed', 'No', 'Sofa Width', '＞2400mm', 'Filling', 'sponge', 'Fabric', 'Composite Fabrics', 'is_customized', 'Yes', 'Model Number', 'Sofas Modernos Para Sala', 'General Use', 'Home Furniture', 'Specific Use', 'Living Room Sofa', 'With Storage', 'No', 'Origin', 'Mainland China', 'Style', 'Chesterfield Sofa', 'Size', '280x80x78cm', 'Type', 'Living Room Furniture', 'Material', 'Wood', 'Appearance', 'Modern Style,Modern Morocco', 'CN', 'Guangdong', 'Place Of Origin', 'cn', 'Logistics', 'Free shipping', 'Product Name 1', 'Sofas Para El Hogar', 'Product Name 2', 'Sofas Modernos Para Salon', 'Product Name 3', 'Sofas Modernos Para Sala', 'Product Name 4', 'Sofas De Salon', 'Product Name 5', 'Sofas Camas', 'Product Selling Points 1', 'Luxury Couch', 'Product Selling Points 2', 'Lazy Sofa', 'Product Selling Points 3', 'Designer Sofa']"
Portable Lazy Beanbag chair Sofa set living room furniture Bean bag chair Single Fabric Sofa Balcony Bedroom Tatami sofa,US $20.11,"https://ae-pic-a1.aliexpress-media.com/kf/Sc24ff7b1355c440b837b8c98cff6dc86u.jpg_220x220q75.jpg_.avif,https://ae-pic-a1.aliexpress-media.com/kf/S956caeca950c4b58a9325d1bff3dbcd6x.jpg_220x220q75.jpg_.avif,https://ae-pic-a1.aliexpress-media.com/kf/S8b7816affe3c433eaab5b826b0412ae8M.jpg_220x220q75.jpg_.avif,https://ae-pic-a1.aliexpress-media.com/kf/Sb49f68c415264d6d97a7692ada0edb62X.jpg_220x220q75.jpg_.avif,https://ae-pic-a1.aliexpress-media.com/kf/S26a3587b3cc94a2ba8c09cafed5d42d2n.jpg_220x220q75.jpg_.avif","['Brand Name', 'runboy', 'Origin', 'Mainland China', 'is_customized', 'Yes', 'For The Number', 'SINGLE', 'Material', 'Fabric']"
Family Luxury Living Room Sofas European Modern Plush Reclining Sofa Corner Lounger Muebles Para El Hogar Home Decoration,US $155.39,"https://ae-pic-a1.aliexpress-media.com/kf/S210ec43caae847809094198e1eaa811ey.jpg_220x220q75.jpg_.avif,https://ae-pic-a1.aliexpress-media.com/kf/S1eb4b67131be4490853420f0cc3bc3df5.jpg_220x220q75.jpg_.avif,https://ae-pic-a1.aliexpress-media.com/kf/Sae1b104b628d49fcb666bf432b7702c9J.jpg_220x220q75.jpg_.avif,https://ae-pic-a1.aliexpress-media.com/kf/S95b4969d42e94520815b73ea22ca9c2cO.jpg_220x220q75.jpg_.avif,https://ae-pic-a1.aliexpress-media.com/kf/S83df390631374d4daa0cca09485d5a0aG.jpg_220x220q75.jpg_.avif","['Hign-concerned Chemical', 'None', 'Installation Method', 'self-contained', 'Sofa Width', '2000mm~2400mm', 'Fabric', 'Composite Fabrics', 'Model Number', 'muebles para el hogar', 'General Use', 'Home Furniture', 'Specific Use', 'Living Room Sofa', 'With Storage', 'No', 'Origin', 'Mainland China', 'Style', 'Minimalist Modern', 'Brand Name', 'OVOZI', 'Size', '40x40x15', 'Type', 'Living Room Furniture', 'Appearance', 'Modern Style,Scandinavia,Modern Morocco', 'CN', 'Guangdong', 'Place Of Origin', 'China', 'Pattern Type', 'other', 'Does it have storage space?', 'No', 'style', 'Cream Wind', 'fabric', 'Lamb wool', 'filler', 'sponge', 'Sofa combination', 'straight row', 'style positioning', 'Quality luxury', 'Logistics', 'Free shipping', 'Optional logistics', 'DHL FEDEX UPS', 'Product Name 1', 'muebles', 'Product Name 2', 'muebles para el hogar', 'Product Name 3', 'fauteuil salon', 'Product Name 4', 'divano letto', 'Product Name 5', 'woonkamer banken', 'Product Selling Points 1', 'furnitures', 'Product Selling Points 2', 'Home decoration', 'Product Selling Points 3', 'Home furniture']"
Inflatable Leisure Sofa Portable Lounge Chair for Adults Lazy Sofa with Foot Stool Foldable Livingroom and Bedroom Furniture,US $6.47,"https://ae-pic-a1.aliexpress-media.com/kf/Sbc1aa43590954cfdbd0b53f9bbc17bfbU.jpg_220x220q75.jpg_.avif,https://ae-pic-a1.aliexpress-media.com/kf/Sbc1aa43590954cfdbd0b53f9bbc17bfbU.jpg_220x220q75.jpg_.avif,https://ae-pic-a1.aliexpress-media.com/kf/S60394b2cfdb941a49b4616aa459df06f8.jpg_220x220q75.jpg_.avif,https://ae-pic-a1.aliexpress-media.com/kf/Sf3da7487952a41818015cf6e2632d46de.jpg_220x220q75.jpg_.avif,https://ae-pic-a1.aliexpress-media.com/kf/S2b502cda64004495a607567c57cad026N.jpg_220x220q75.jpg_.avif","['Hign-concerned Chemical', 'None', 'Installation Method', 'self-contained', 'Sofa Width', '＜2000mm', 'Fabric', 'Velvet', 'Model Number', 'Lazy Couch Sofas', 'Origin', 'Mainland China', 'Material', 'Synthetic Leather', 'Appearance', 'Modern Style', 'CN', 'Shanghai', 'Feature', 'Outdoor Sofa Bed,Lazy Couch Sofas,PVC Flocking Surface Sofa Chair,inflatable recliner,Corner Sofa,Ergonomic Design Chaise Lounge,Multifunctional Blow Up Foldable Chair,flocking sofa,reclining sun chair,Foldable Lounge Chair']"
Beancurd Block Sofa Living Room Retro Straight Vacuum Compression Roll Bag Square Fabric Sofa Small Living Room Home Furniture,US $323.69,"https://ae-pic-a1.aliexpress-media.com/kf/S303716b8f661429e9f7b4e42e5981c07X.jpg_220x220q75.jpg_.avif,https://ae-pic-a1.aliexpress-media.com/kf/S1a19f55661dd4bc495868a6d5f384314H.jpg_220x220q75.jpg_.avif,https://ae-pic-a1.aliexpress-media.com/kf/S13388b4e1fb241748cf2dce54936d4e6t.jpg_220x220q75.jpg_.avif,https://ae-pic-a1.aliexpress-media.com/kf/S9c1173e08bd64a71b90986e66b385e4e5.jpg_220x220q75.jpg_.avif,https://ae-pic-a1.aliexpress-media.com/kf/Sbb3f5d9705cd4450be3bd95ee815375eH.jpg_220x220q75.jpg_.avif","['Hign-concerned Chemical', 'None', 'Installation Method', 'self-contained', 'Sofa Width', '2000mm~2400mm,＞2400mm', 'Filling', 'sponge', 'Fabric', 'Composite Fabrics', 'is_customized', 'Yes', 'Model Number', 'T-012', 'General Use', 'Home Furniture', 'Specific Use', 'Living Room Sofa', 'With Storage', 'No', 'Origin', 'Mainland China', 'Style', 'Minimalist Modern', 'Type', 'Living Room Furniture', 'Material', 'Fabric', 'Appearance', 'Classical,Modern Style,Traditional,Scandinavia,Modern Morocco', 'CN', 'Guangdong']"
Nordic Cloud Living Room Sofas Cream Loveseat Tiny House Comfortable Living Room Sofas Relaxing Ergonomics Muebles Furniture,"US $2,362.51","https://ae-pic-a1.aliexpress-media.com/kf/S41dc9342b17a44659f6fad39b94e3e16K.jpg_220x220q75.jpg_.avif,https://ae-pic-a1.aliexpress-media.com/kf/S012293f7a3b841e6913a1d0c6cc20993Y.jpg_220x220q75.jpg_.avif,https://ae-pic-a1.aliexpress-media.com/kf/S0346f09770dd4f889cfae5d5525a3141O.jpg_220x220q75.jpg_.avif,https://ae-pic-a1.aliexpress-media.com/kf/Sa2e98c69addc4378879826bcb62f83f37.jpg_220x220q75.jpg_.avif,https://ae-pic-a1.aliexpress-media.com/kf/Sa52ca63d09b044d9b7d77ac935a34cb53.jpg_220x220q75.jpg_.avif","['Hign-concerned Chemical', 'None', 'Installation Method', 'self-contained', 'Sofa Width', '＜2000mm,2000mm~2400mm', 'Fabric', 'other', 'Model Number', 'muebles', 'General Use', 'Home Furniture', 'Specific Use', 'Living Room Sofa', 'With Storage', 'No', 'Origin', 'Mainland China', 'Style', 'Minimalist Modern', 'Brand Name', 'DUTRIEUX', 'Size', 'Multi-size', 'Type', 'Living Room Furniture', 'Combination', 'L-shaped', 'Material', 'other', 'Appearance', 'Modern Style', 'CN', 'Guangdong', 'Place Of Origin', 'china', 'Style', 'L-shaped', 'Pattern Type', 'art', 'Does it have storage space?', 'No', 'style', 'Cream Wind', 'Whether to assemble', 'No', 'Filler hardness', 'Moderate softness and hardness', 'fabric', 'Cotton and linen, cat scratching cloth', 'Applicable object', 'Adult', 'Is it available for pre-sale?', 'No', 'Additional features', 'movable', 'packaging volume', '1', 'Can it be customized?', 'No', 'filler', 'sponge + latex', 'Sofa combination', 'straight row', 'Is it removable and washable?', 'No', 'material', 'pine', 'place of origin', 'Guangdong Province', 'pattern', 'art', 'Is the taxi transportable?', 'No', 'Fabric finishing process', 'flocking', 'style positioning', 'Quality luxury']"
Nordic Single Sofa Light Luxury Hotel Bedroom Small Apartment Living Room Balcony Leisure Negotiation Lazy Leather Sofa Chair,US $251.24,"https://ae-pic-a1.aliexpress-media.com/kf/Sf06e9fd86ff14b0ab27ac2c00e11df9cJ.jpg_220x220q75.jpg_.avif,https://ae-pic-a1.aliexpress-media.com/kf/Sf06e9fd86ff14b0ab27ac2c00e11df9cJ.jpg_220x220q75.jpg_.avif,https://ae-pic-a1.aliexpress-media.com/kf/Sdf4f6a96fc49419288c297af6fc43249E.jpg_220x220q75.jpg_.avif,https://ae-pic-a1.aliexpress-media.com/kf/S19c54b0aa5a54c249ee1d102954876fbz.jpg_220x220q75.jpg_.avif,https://ae-pic-a1.aliexpress-media.com/kf/S8747e3ef4e00432b91f9bcd1a14409a9o.jpg_220x220q75.jpg_.avif","['Hign-concerned Chemical', 'None', 'Installation Method', 'Assembly', 'Sofa Width', '＜2000mm', 'Filling', 'sponge', 'Fabric', 'Composite Fabrics', 'General Use', 'Home Furniture', 'Origin', 'Mainland China', 'Material', 'Wood', 'Appearance', 'Modern Style', 'CN', 'Guangdong', 'style', 'Italian']"
Simple Tofu Block Sofa Straight First Layer Cowhide Living Room Sofa Modern Simple Big Black Cow Sofa Combination,US $825.36,"https://ae-pic-a1.aliexpress-media.com/kf/S46e04e10e0174fc4ad8adb5e0f7c5f55N.jpg_220x220q75.jpg_.avif,https://ae-pic-a1.aliexpress-media.com/kf/S138de89b52884178be939d0e8d4a8d98a.jpg_220x220q75.jpg_.avif,https://ae-pic-a1.aliexpress-media.com/kf/S6ff8aceae1fc4e2ab73312ec7272cce6e.jpg_220x220q75.jpg_.avif,https://ae-pic-a1.aliexpress-media.com/kf/Sdc3b9ef3e38047d68d25fe20b6580fd5b.jpg_220x220q75.jpg_.avif,https://ae-pic-a1.aliexpress-media.com/kf/Se42abfe317874d33ac20d9e88cfa274eR.jpg_220x220q75.jpg_.avif","['Hign-concerned Chemical', 'None', 'Installation Method', 'self-contained', 'is_SofaBed', 'No', 'Sofa Width', '2000mm~2400mm', 'Filling', 'sponge', 'Fabric', 'Composite Fabrics', 'Specific Use', 'Living Room Sofa', 'With Storage', 'No', 'Origin', 'Mainland China', 'Style', 'Minimalist Modern', 'Brand Name', 'QWC', 'Type', 'Living Room Furniture', 'Material', 'Synthetic Leather', 'Appearance', 'Modern Style', 'CN', 'Guangdong', 'applicable occasions', 'Living room, hotel, office', 'Internal filler', 'High density sponge', 'style', 'Italian minimalism', 'Main sales areas', 'domestic', 'design elements', 'Master Design', 'framework', 'wooden skeleton']"
Designer Individual Living Room Sofas Outdoor Nordic Modern Sponge Sofas Minimalist Smart Cloud Wood Divano Balcony Furniture,US $836.48,"https://ae-pic-a1.aliexpress-media.com/kf/Sa77b04630e26402b87c1b22da29b5b32v.jpg_220x220q75.jpg_.avif,https://ae-pic-a1.aliexpress-media.com/kf/S0799595b7bfb4d608b11c23de6f2d0a9v.jpg_220x220q75.jpg_.avif,https://ae-pic-a1.aliexpress-media.com/kf/Sf2b6299b19b74506977610d683f368bfB.jpg_220x220q75.jpg_.avif,https://ae-pic-a1.aliexpress-media.com/kf/S0dd99f51cb40455194cfc6458636d0e2O.jpg_220x220q75.jpg_.avif,https://ae-pic-a1.aliexpress-media.com/kf/S8446df0881834d36812f53d62b175844R.jpg_220x220q75.jpg_.avif","['Hign-concerned Chemical', 'None', 'Installation Method', 'self-contained', 'is_SofaBed', 'No', 'Sofa Width', '＜2000mm', 'Filling', 'sponge', 'Fabric', 'Composite Fabrics', 'is_customized', 'Yes', 'Model Number', 'home', 'General Use', 'Home Furniture', 'Specific Use', 'Living Room Sofa', 'With Storage', 'No', 'Origin', 'Mainland China', 'Style', 'Minimalist Modern', 'Brand Name', 'DUTRIEUX', 'Type', 'Living Room Furniture', 'Combination', 'L-shaped', 'Material', 'Wood', 'Appearance', 'Modern Style', 'CN', 'Guangdong', 'Place Of Origin', 'china', 'Style', 'L-shaped', 'Pattern Type', 'art', 'Does it have storage space?', 'No', 'Whether to assemble', 'No', 'material', 'wood', 'pattern', 'art', 'filler', 'sponge', 'main application', 'Home Furniture', 'Sofa combination', 'arc', 'fabric', 'Tech leather', 'style', 'Minimalist Modern', 'Filler hardness', 'Moderate softness and hardness', 'Applicable object', 'general purpose', 'Can it be customized?', 'Yes']"
Unusual Curved Sofa Nordic Mid Century Full Body Light Luxury Large Couch Foam Sponge Relax Canape Salon Living Room Furniture,US $738.35,"https://ae-pic-a1.aliexpress-media.com/kf/S0ff7ec589276447881157c3efe15f1afP.jpg_220x220q75.jpg_.avif,https://ae-pic-a1.aliexpress-media.com/kf/Sc6c0c31ff93c4cd18e2f6dd544ac24efu.jpg_220x220q75.jpg_.avif,https://ae-pic-a1.aliexpress-media.com/kf/Sc7a25a4a3d68452082a3408c4ebc52bfF.jpg_220x220q75.jpg_.avif,https://ae-pic-a1.aliexpress-media.com/kf/Sbf981858b1684ec7a1d2e68c39fb60d8W.jpg_220x220q75.jpg_.avif,https://ae-pic-a1.aliexpress-media.com/kf/S1eae550aad4e4cedae7e2946be72058d9.jpg_220x220q75.jpg_.avif","['Hign-concerned Chemical', 'None', 'Installation Method', 'self-contained', 'is_SofaBed', 'No', 'Sofa Width', '＜2000mm', 'Filling', 'sponge', 'Fabric', 'Can customize all kinds of fabrics', 'is_customized', 'Yes', 'Model Number', 'Free', 'General Use', 'Home Furniture', 'Specific Use', 'Living Room Sofa', 'With Storage', 'No', 'Origin', 'Mainland China', 'Style', 'Europe and America', 'Size', 'Customizable', 'Type', 'Living Room Furniture', 'Combination', 'SINGLE', 'Material', 'Customizable Material', 'Appearance', 'Classical,Modern Style,Traditional,Scandinavia,Modern Morocco', 'CN', 'Guangdong', 'Place Of Origin', 'China', 'Pattern Type', 'Pure', 'Brand Name', 'DUTRIEUX', 'CN', 'Shanghai', 'Product selling point1', 'Sofa Modern Floor', 'Product selling point2', 'canape salon', 'Product selling point3', 'sofa inflavel', 'Product selling point4', 'divano', 'Product selling point5', 'sofa 2 plazas', 'Product selling point6', 'muebles', 'Product selling point7', 'muebles para el hogar', 'Product selling point8', 'sofas para el hogar', 'Product selling point9', 'sofa sala de estar', 'Product selling point10', 'divano letto', 'Product selling point11', 'sofas baratos', 'Product selling point12', 'sofa para sala', 'Product selling point13', 'Drop Shipping', 'Product selling point14', 'Free Shipping', 'Product selling point15', '3 Seater Double Single']"
Discount Oversized Lazy Sofa Balcony Bedroom Folding Soft Tatami White Washable Adjustable Back Living Room Single Sofa Bed,US $109.32,"https://ae-pic-a1.aliexpress-media.com/kf/S869d60905142478cb8e01f2b96dc69c3J.jpg_220x220q75.jpg_.avif,https://ae-pic-a1.aliexpress-media.com/kf/S0b394e88865a4a8a820782a77669e849U.jpg_220x220q75.jpg_.avif,https://ae-pic-a1.aliexpress-media.com/kf/S3ac2a5d18d15469f98d34fd94f94668aS.jpg_220x220q75.jpg_.avif,https://ae-pic-a1.aliexpress-media.com/kf/Sdd3b49de822a46c189387f07d1e66f067.jpg_220x220q75.jpg_.avif,https://ae-pic-a1.aliexpress-media.com/kf/S1714c88d409948b582f1836326e215c32.jpg_220x220q75.jpg_.avif","['Hign-concerned Chemical', 'None', 'Installation Method', 'self-contained', 'is_SofaBed', 'YES', 'Sofa Width', '＜2000mm', 'Filling', 'sponge', 'Fabric', 'Composite Fabrics', 'General Use', 'Home Furniture', 'Specific Use', 'Living Room Sofa', 'With Storage', 'No', 'Origin', 'Mainland China', 'Style', 'Minimalist Modern', 'Size', '85*65cm', 'Type', 'Living Room Furniture', 'Combination', 'SINGLE', 'Material', 'Fabric', 'Appearance', 'Modern Style', 'CN', 'Shandong', 'Style', 'SOFA BED', 'Material', 'Fabric', 'Color', 'White', 'Framework', 'Metal frame', 'Filler', 'Cotton', 'Style', 'Modern']"
Relaxing Couch Living Room Sofas Human Dog Bed Lazy Sofas Recliner Modern Designer Lounge Floor Muebles Lounge Suite Furniture,US $312.21,"https://ae-pic-a1.aliexpress-media.com/kf/S91dce821f94f40b7827d0fb0e19ad518v.jpg_220x220q75.jpg_.avif,https://ae-pic-a1.aliexpress-media.com/kf/Scab1b9b0eeea4e6cac9c9f6815a8631di.jpg_220x220q75.jpg_.avif,https://ae-pic-a1.aliexpress-media.com/kf/Sdd3d687f3f114f44ae92f07ea35c6b40e.jpg_220x220q75.jpg_.avif,https://ae-pic-a1.aliexpress-media.com/kf/S8c3e982243e94910b2736b4deaab22ack.jpg_220x220q75.jpg_.avif,https://ae-pic-a1.aliexpress-media.com/kf/S6838fed99b1c49a58fe1a4f3c46bc3f0e.jpg_220x220q75.jpg_.avif","['Hign-concerned Chemical', 'None', 'Installation Method', 'self-contained', 'is_SofaBed', 'YES', 'Sofa Width', '＜2000mm', 'Fabric', 'Velvet', 'is_customized', 'Yes', 'Model Number', 'home', 'General Use', 'Home Furniture', 'Specific Use', 'Living Room Sofa', 'With Storage', 'No', 'Origin', 'Mainland China', 'Style', 'Minimalist Modern', 'Brand Name', 'DUTRIEUX', 'Size', '95x90x87cm', 'Type', 'Living Room Furniture', 'Combination', 'SINGLE', 'Material', 'Fabric', 'Appearance', 'Classical', 'CN', 'Guangdong', 'Place Of Origin', 'China', 'Pattern Type', 'Guangdong', 'Sofa cover species', 'Teddy velvet', 'Applicable object', 'currency', 'Style positioning', 'economical']"
"Modular Sectional Sofa,Vacuum Compression, Corduroy, Oversized Modular U-Shaped Sectional Couch for Living Room, Loveseat Black","US $1,043.37","https://ae-pic-a1.aliexpress-media.com/kf/S27aab34d067b4d75b59e75f212653e33N.jpg_220x220q75.jpg_.avif,https://ae-pic-a1.aliexpress-media.com/kf/S27aab34d067b4d75b59e75f212653e33N.jpg_220x220q75.jpg_.avif,https://ae-pic-a1.aliexpress-media.com/kf/Seffcea56006942cd82a92865ebe70743A.jpg_220x220q75.jpg_.avif,https://ae-pic-a1.aliexpress-media.com/kf/Sff8f23cf78f64953b6107853281643247.jpg_220x220q75.jpg_.avif,https://ae-pic-a1.aliexpress-media.com/kf/Sd0c906d5e88a43cca9f16c71344821c2m.jpg_220x220q75.jpg_.avif","['Hign-concerned Chemical', 'None', 'Installation Method', 'self-contained', 'Sofa Width', '＜2000mm', 'Fabric', 'Velvet', 'General Use', 'Home Furniture', 'Specific Use', 'Living Room Sofa', 'With Storage', 'No', 'Origin', 'Mainland China', 'Size', '79*39*25 inch', 'Type', 'Living Room Furniture', 'Appearance', 'Modern Style,Scandinavia,Modern Morocco', 'CN', 'Guangdong']"
L-shaped living room sofa Leather electric recliner sofa Multi-functional sofa bed folding small furniture with storage space,"US $1,182.42","https://ae-pic-a1.aliexpress-media.com/kf/S058141abe79147588275c404c8b9fb40l.jpg_220x220q75.jpg_.avif,https://ae-pic-a1.aliexpress-media.com/kf/S058141abe79147588275c404c8b9fb40l.jpg_220x220q75.jpg_.avif,https://ae-pic-a1.aliexpress-media.com/kf/S782678d9fea640b183d917687c1d82e7A.jpg_220x220q75.jpg_.avif,https://ae-pic-a1.aliexpress-media.com/kf/S6bbebc801bc74882be7e6152b79be34eR.jpg_220x220q75.jpg_.avif,https://ae-pic-a1.aliexpress-media.com/kf/S63a4fc5953864cc5afa2949551bbe6d6n.jpg_220x220q75.jpg_.avif","['Hign-concerned Chemical', 'None', 'Installation Method', 'Assembly', 'Style', 'Minimalist Modern', 'is_SofaBed', 'YES', 'Filling', 'sponge', 'is_customized', 'Yes', 'Model Number', 'L-835B', 'Type', 'Living Room Furniture', 'General Use', 'Home Furniture', 'Combination', 'L-shaped', 'With Storage', 'Yes', 'Origin', 'Mainland China', 'Size', '186cm*160cm*100cm', 'Specific Use', 'Living Room Sofa', 'Brand Name', 'KOMBAT', 'Material', 'Wood', 'Fabric', 'Artificial leather', 'Sofa Width', '＜2000mm', 'Appearance', 'Modern Style', 'CN', 'Tianjin', 'Voltage', '100-240V', 'Style', 'L-shaped', 'Place Of Origin', 'Tian jin']"
"Modern Luxury Hotel Reception Sofa, Table and Chair Combination Sales Department Single Person Negotiation Sofa, Living Room, Ba",US $185.09,"https://ae-pic-a1.aliexpress-media.com/kf/Sfd7d1e051e11461fbd16511d9b517d32d.jpg_220x220q75.jpg_.avif,https://ae-pic-a1.aliexpress-media.com/kf/Sc6eb770f5b1c4aae8c09eb2fb10d3aa8R.jpg_220x220q75.jpg_.avif,https://ae-pic-a1.aliexpress-media.com/kf/S753e520c32494c3d9158327d2d39134fm.jpg_220x220q75.jpg_.avif,https://ae-pic-a1.aliexpress-media.com/kf/Sc633f03ff3784fec914a4431527b3833D.jpg_220x220q75.jpg_.avif,https://ae-pic-a1.aliexpress-media.com/kf/S56ccd96c358244aab826ce725a5787dep.jpg_220x220q75.jpg_.avif","['Hign-concerned Chemical', 'None', 'Installation Method', 'self-contained', 'is_SofaBed', 'No', 'Sofa Width', '＜2000mm', 'Filling', 'Emulsion', 'Fabric', 'Composite Fabrics', 'is_customized', 'Yes', 'Model Number', 'SNSF230819', 'General Use', 'Home Furniture', 'Specific Use', 'Living Room Sofa', 'With Storage', 'No', 'Origin', 'Mainland China', 'Style', 'Minimalist Modern', 'Brand Name', 'MORELIFEING', 'Size', '65X63X78CM', 'Type', 'Living Room Furniture', 'Combination', 'L-shaped', 'Material', 'Wood', 'Appearance', 'Modern Style,Modern Morocco', 'CN', 'Sichuan', 'Place Of Origin', 'China', 'Style', 'L-shaped', 'Pattern Type', 'Solid color']"
150CM extra large Bean Bag Chair with Furry Fur Cover Machine Washable Big Size Sofa and Giant Lounger Furniture,US $30.86,"https://ae-pic-a1.aliexpress-media.com/kf/S0db3df4fb61b4fb3a882eb833cdaed615.png_220x220.png_.avif,https://ae-pic-a1.aliexpress-media.com/kf/S0db3df4fb61b4fb3a882eb833cdaed615.png_220x220.png_.avif,https://ae-pic-a1.aliexpress-media.com/kf/S9d1c91441b034ba1a3e4ae1251e7fa7f6.jpg_220x220q75.jpg_.avif,https://ae-pic-a1.aliexpress-media.com/kf/S4d8d277ad3b24493bc19aa309b89dbecO.jpg_220x220q75.jpg_.avif,https://ae-pic-a1.aliexpress-media.com/kf/Sc1fe3c3cb45e4417b64bec432ccbc928X.jpg_220x220q75.jpg_.avif","['is_SofaBed', 'YES', 'Sofa Width', '＜2000mm', 'Fabric', 'Composite Fabrics', 'is_customized', 'Yes', 'General Use', 'Home Furniture', 'Specific Use', 'Living Room Sofa', 'With Storage', 'Yes', 'Origin', 'Mainland China', 'Style', 'Minimalist Modern', 'Size', '150cmx75cm', 'Type', 'Living Room Furniture', 'Appearance', 'Modern Style', 'CN', 'Zhejiang']"
Lazy Sofa Bean Bag Sleepable Small Bedroom Living Room Balcony Tatami Backrest Cushion Single Sofa Chair Living Room Sofas 2024,US $12.49,"https://ae-pic-a1.aliexpress-media.com/kf/S44291a6bd7ea4848b0070208933ed246h.jpg_220x220q75.jpg_.avif,https://ae-pic-a1.aliexpress-media.com/kf/S26ec644a9c464923b688a7a6b6118781z.jpg_220x220q75.jpg_.avif,https://ae-pic-a1.aliexpress-media.com/kf/Seed7b537bd02464db6ed0d566032f4959.jpg_220x220q75.jpg_.avif,https://ae-pic-a1.aliexpress-media.com/kf/S31dfb27718ae4d368a15079fd02e8975T.jpg_220x220q75.jpg_.avif,https://ae-pic-a1.aliexpress-media.com/kf/S0f6b5e36cd7c4cb0811442f8caa30601U.jpg_220x220q75.jpg_.avif","['Hign-concerned Chemical', 'None', 'Installation Method', 'self-contained', 'Model Number', 'RIC039', 'Origin', 'Mainland China', 'is_customized', 'Yes', 'For The Number', 'SINGLE', 'Material', 'Fabric', 'Product category', 'Beanbag sofa', 'material', 'Fabric art', 'Installation mode', ""Get one's things ready"", 'Model number', 'RIC039']"
WBERT Designer Large Arc Corner Round Sofa Large Apartment Villa Living Room Cream Natural Sand Hair Special-Shaped Sofa,"US $4,086.10","https://ae-pic-a1.aliexpress-media.com/kf/Sfdd5fb253a254b8683697796405e381ac.jpg_220x220q75.jpg_.avif,https://ae-pic-a1.aliexpress-media.com/kf/S6636f020777c404eabed89f641cb8627S.jpg_220x220q75.jpg_.avif,https://ae-pic-a1.aliexpress-media.com/kf/S0108c2c857484659828cf9d1e5a946d3q.jpg_220x220q75.jpg_.avif,https://ae-pic-a1.aliexpress-media.com/kf/S830ac04ce00d46ee846a6f1e28aa50d8P.jpg_220x220q75.jpg_.avif,https://ae-pic-a1.aliexpress-media.com/kf/Sa51ad9bd7724428c9d919b0be1c2604cI.jpg_220x220q75.jpg_.avif","['Hign-concerned Chemical', 'None', 'Installation Method', 'self-contained', 'is_SofaBed', 'No', 'Sofa Width', '＞2400mm', 'Filling', 'sponge', 'Fabric', 'Composite Fabrics', 'is_customized', 'Yes', 'Model Number', 'GYQS-SF33', 'General Use', 'Home Furniture', 'Specific Use', 'Living Room Sofa', 'With Storage', 'No', 'Origin', 'Mainland China', 'Style', 'Minimalist Modern', 'Size', '342*98*83H', 'Type', 'Living Room Furniture', 'Combination', 'L-shaped', 'Material', 'solid wood+high resilience sponge+fabric+metal', 'Appearance', 'Modern Morocco,Modern Style', 'CN', 'Guangdong', 'Place Of Origin', 'Mainland China', 'Style', 'L-shaped', 'Product name', 'Morden Sofa', 'Usage', 'Living Room Funiture', 'MOQ', '1 Set', 'Color', ""Customer's Request"", 'Design', 'Modern Deisgn', 'Size', 'Accept Customize Size', 'Packing', 'Standard Packing', 'Function', 'Multi-functional', 'Delivery time', '35 days', 'OEM', 'Accepatble']"
Living Room Rental Room Lazy Sofa Tofu Block Small Apartment Single Bedroom Chair Furniture Living Room Sofa Combination Sofa,US $116.65,"https://ae-pic-a1.aliexpress-media.com/kf/S0ad7739e8444431dbab68a6a223241640.jpg_220x220q75.jpg_.avif,https://ae-pic-a1.aliexpress-media.com/kf/S0ad7739e8444431dbab68a6a223241640.jpg_220x220q75.jpg_.avif,https://ae-pic-a1.aliexpress-media.com/kf/S0ec920cf183045008fde9522d95d71655.jpg_220x220q75.jpg_.avif,https://ae-pic-a1.aliexpress-media.com/kf/S2ebb5be1c9e24de595671641bb8430f69.jpg_220x220q75.jpg_.avif,https://ae-pic-a1.aliexpress-media.com/kf/S513af7a53c804d13960361e90da47791j.jpg_220x220q75.jpg_.avif","['Hign-concerned Chemical', 'None', 'Installation Method', 'self-contained', 'Sofa Width', '＜2000mm', 'Filling', 'sponge', 'Fabric', 'Composite Fabrics', 'General Use', 'Home Furniture', 'Origin', 'Mainland China', 'Style', 'Minimalist Modern', 'Type', 'Living Room Furniture', 'Material', 'Synthetic Leather', 'Appearance', 'Modern Style', 'CN', 'Guangdong', 'pattern', 'solid color', 'Sofa cover material', 'Polyester (polyester fiber)', 'Is there a liner?', 'No liner']"
Designer Yellow Living Room Sofas Set European Fabric Nordic Double Chaise Couch Puffs Luxury Italian Divani Home Furniture,"US $1,322.96","https://ae-pic-a1.aliexpress-media.com/kf/Se4fd43a238fb475e8bc9963e06d40d1eI.jpg_220x220q75.jpg_.avif,https://ae-pic-a1.aliexpress-media.com/kf/Sfaa3e91b3f2d4c8b890133d0cf63cbdbH.jpg_220x220q75.jpg_.avif,https://ae-pic-a1.aliexpress-media.com/kf/Se59921d1a3ae43f38d178fd2b1f587e3A.jpg_220x220q75.jpg_.avif,https://ae-pic-a1.aliexpress-media.com/kf/Scb85cc3787bd49cf855f5a918ef7824ap.jpg_220x220q75.jpg_.avif,https://ae-pic-a1.aliexpress-media.com/kf/Sf16cb7c9d2994ff8acd57370185ef3bag.jpg_220x220q75.jpg_.avif","['Hign-concerned Chemical', 'None', 'Installation Method', 'self-contained', 'Sofa Width', '＜2000mm', 'Filling', 'sponge', 'Fabric', 'Composite Fabrics', 'Model Number', 'Divano', 'General Use', 'Home Furniture', 'Specific Use', 'Living Room Sofa', 'With Storage', 'No', 'Origin', 'Mainland China', 'Style', 'Minimalist Modern', 'Type', 'Living Room Furniture', 'Combination', 'SINGLE', 'Material', 'Wood', 'Appearance', 'Modern Style,Scandinavia', 'CN', 'Guangdong', 'CN', 'Guangdong', 'Does it have storage space?', 'No', 'style', 'Modern minimalism', 'Whether to assemble', 'No', 'Filler hardness', 'soft', 'fabric', '5D knitted fabric', 'prefecture', 'Foshan', 'Applicable object', 'general purpose', 'Can it be customized?', 'Yes', 'filler', 'Styling cotton', 'Sofa combination', 'arc', 'place of origin', 'Guangdong Province', 'pattern', 'art', 'style positioning', 'Quality luxury', 'Logistics', 'Free shipping', 'Optional logistics', 'DHL FEDEX UPS', 'Product Name 1', 'Sofa Para Sala', 'Product Name 2', 'Sofas Camas', 'Product Name 3', 'Woonkamerbanken', 'Product Name 4', 'Sofas Modernos Para Sala', 'Product Name 5', 'Sofa Para Sala De Casa', 'Product Selling Points 1', 'Couch Sofa Furniture', 'Product Selling Points 2', 'Living Room Decoration', 'Product Selling Points 3', 'Livingroom Furniture Sets']"
