Product Name,Price,Color,Image URLs,Selling Points
Unisex Custom Hoodies Graphic Prints 3D Print Basic Casual Spring & Fall Streetwear Hoodie Personalized Valentine Gift Custom Made,$32.99,S,"https://litb-cgis.rightinthebox.com/images/170x170/202312/bps/product/inc/wdyuit1703749896772.jpg,https://litb-cgis.rightinthebox.com/images/170x170/202309/bps/product/inc/qcapph1695294378000.jpg,https://litb-cgis.rightinthebox.com/images/170x170/202309/bps/product/inc/fzvxgk1695366078804.jpg,https://litb-cgis.rightinthebox.com/images/170x170/202311/bps/product/inc/tudlcl1698896737984.jpg","['1.', ""Gender: Men's"", '2.', 'Neckline: Hooded', '3.', 'Design: Print - Indispensable quarterly fashion elements, sweet and romantic, to enhance the charm of the perfect female embellishment', '4.', 'Sleeve Length: Long Sleeve', '5.', 'Season: Winter Fall']"
Unisex Custom Hoodies Graphic Prints 3D Print Basic Casual Spring & Fall Streetwear Hoodie Personalized Valentine Gift Custom Made,$32.99,M,"https://litb-cgis.rightinthebox.com/images/170x170/202312/bps/product/inc/wdyuit1703749896772.jpg,https://litb-cgis.rightinthebox.com/images/170x170/202309/bps/product/inc/qcapph1695294378000.jpg,https://litb-cgis.rightinthebox.com/images/170x170/202309/bps/product/inc/fzvxgk1695366078804.jpg,https://litb-cgis.rightinthebox.com/images/170x170/202311/bps/product/inc/tudlcl1698896737984.jpg","['1.', ""Gender: Men's"", '2.', 'Neckline: Hooded', '3.', 'Design: Print - Indispensable quarterly fashion elements, sweet and romantic, to enhance the charm of the perfect female embellishment', '4.', 'Sleeve Length: Long Sleeve', '5.', 'Season: Winter Fall']"
Unisex Custom Hoodies Graphic Prints 3D Print Basic Casual Spring & Fall Streetwear Hoodie Personalized Valentine Gift Custom Made,$32.99,L,"https://litb-cgis.rightinthebox.com/images/170x170/202312/bps/product/inc/wdyuit1703749896772.jpg,https://litb-cgis.rightinthebox.com/images/170x170/202309/bps/product/inc/qcapph1695294378000.jpg,https://litb-cgis.rightinthebox.com/images/170x170/202309/bps/product/inc/fzvxgk1695366078804.jpg,https://litb-cgis.rightinthebox.com/images/170x170/202311/bps/product/inc/tudlcl1698896737984.jpg","['1.', ""Gender: Men's"", '2.', 'Neckline: Hooded', '3.', 'Design: Print - Indispensable quarterly fashion elements, sweet and romantic, to enhance the charm of the perfect female embellishment', '4.', 'Sleeve Length: Long Sleeve', '5.', 'Season: Winter Fall']"
Unisex Custom Hoodies Graphic Prints 3D Print Basic Casual Spring & Fall Streetwear Hoodie Personalized Valentine Gift Custom Made,$32.99,XL,"https://litb-cgis.rightinthebox.com/images/170x170/202312/bps/product/inc/wdyuit1703749896772.jpg,https://litb-cgis.rightinthebox.com/images/170x170/202309/bps/product/inc/qcapph1695294378000.jpg,https://litb-cgis.rightinthebox.com/images/170x170/202309/bps/product/inc/fzvxgk1695366078804.jpg,https://litb-cgis.rightinthebox.com/images/170x170/202311/bps/product/inc/tudlcl1698896737984.jpg","['1.', ""Gender: Men's"", '2.', 'Neckline: Hooded', '3.', 'Design: Print - Indispensable quarterly fashion elements, sweet and romantic, to enhance the charm of the perfect female embellishment', '4.', 'Sleeve Length: Long Sleeve', '5.', 'Season: Winter Fall']"
Unisex Custom Hoodies Graphic Prints 3D Print Basic Casual Spring & Fall Streetwear Hoodie Personalized Valentine Gift Custom Made,$32.99,XXL,"https://litb-cgis.rightinthebox.com/images/170x170/202312/bps/product/inc/wdyuit1703749896772.jpg,https://litb-cgis.rightinthebox.com/images/170x170/202309/bps/product/inc/qcapph1695294378000.jpg,https://litb-cgis.rightinthebox.com/images/170x170/202309/bps/product/inc/fzvxgk1695366078804.jpg,https://litb-cgis.rightinthebox.com/images/170x170/202311/bps/product/inc/tudlcl1698896737984.jpg","['1.', ""Gender: Men's"", '2.', 'Neckline: Hooded', '3.', 'Design: Print - Indispensable quarterly fashion elements, sweet and romantic, to enhance the charm of the perfect female embellishment', '4.', 'Sleeve Length: Long Sleeve', '5.', 'Season: Winter Fall']"
Unisex Custom Hoodies Graphic Prints 3D Print Basic Casual Spring & Fall Streetwear Hoodie Personalized Valentine Gift Custom Made,$32.99,3XL,"https://litb-cgis.rightinthebox.com/images/170x170/202312/bps/product/inc/wdyuit1703749896772.jpg,https://litb-cgis.rightinthebox.com/images/170x170/202309/bps/product/inc/qcapph1695294378000.jpg,https://litb-cgis.rightinthebox.com/images/170x170/202309/bps/product/inc/fzvxgk1695366078804.jpg,https://litb-cgis.rightinthebox.com/images/170x170/202311/bps/product/inc/tudlcl1698896737984.jpg","['1.', ""Gender: Men's"", '2.', 'Neckline: Hooded', '3.', 'Design: Print - Indispensable quarterly fashion elements, sweet and romantic, to enhance the charm of the perfect female embellishment', '4.', 'Sleeve Length: Long Sleeve', '5.', 'Season: Winter Fall']"
Unisex Custom Hoodies Graphic Prints 3D Print Basic Casual Spring & Fall Streetwear Hoodie Personalized Valentine Gift Custom Made,$32.99,S,"https://litb-cgis.rightinthebox.com/images/170x170/202312/bps/product/inc/muqfjc1703751463541.jpg,https://litb-cgis.rightinthebox.com/images/170x170/202309/bps/product/inc/qcapph1695294378000.jpg,https://litb-cgis.rightinthebox.com/images/170x170/202309/bps/product/inc/foczdn1695805575817.jpg,https://litb-cgis.rightinthebox.com/images/170x170/202309/bps/product/inc/fzvxgk1695366078804.jpg","['1.', ""Gender: Men's"", '2.', 'Neckline: Hooded', '3.', 'Design: Print - Indispensable quarterly fashion elements, sweet and romantic, to enhance the charm of the perfect female embellishment', '4.', 'Sleeve Length: Long Sleeve', '5.', 'Season: Winter Fall']"
Unisex Custom Hoodies Graphic Prints 3D Print Basic Casual Spring & Fall Streetwear Hoodie Personalized Valentine Gift Custom Made,$32.99,M,"https://litb-cgis.rightinthebox.com/images/170x170/202312/bps/product/inc/muqfjc1703751463541.jpg,https://litb-cgis.rightinthebox.com/images/170x170/202309/bps/product/inc/qcapph1695294378000.jpg,https://litb-cgis.rightinthebox.com/images/170x170/202309/bps/product/inc/foczdn1695805575817.jpg,https://litb-cgis.rightinthebox.com/images/170x170/202309/bps/product/inc/fzvxgk1695366078804.jpg","['1.', ""Gender: Men's"", '2.', 'Neckline: Hooded', '3.', 'Design: Print - Indispensable quarterly fashion elements, sweet and romantic, to enhance the charm of the perfect female embellishment', '4.', 'Sleeve Length: Long Sleeve', '5.', 'Season: Winter Fall']"
Unisex Custom Hoodies Graphic Prints 3D Print Basic Casual Spring & Fall Streetwear Hoodie Personalized Valentine Gift Custom Made,$32.99,L,"https://litb-cgis.rightinthebox.com/images/170x170/202312/bps/product/inc/muqfjc1703751463541.jpg,https://litb-cgis.rightinthebox.com/images/170x170/202309/bps/product/inc/qcapph1695294378000.jpg,https://litb-cgis.rightinthebox.com/images/170x170/202309/bps/product/inc/foczdn1695805575817.jpg,https://litb-cgis.rightinthebox.com/images/170x170/202309/bps/product/inc/fzvxgk1695366078804.jpg","['1.', ""Gender: Men's"", '2.', 'Neckline: Hooded', '3.', 'Design: Print - Indispensable quarterly fashion elements, sweet and romantic, to enhance the charm of the perfect female embellishment', '4.', 'Sleeve Length: Long Sleeve', '5.', 'Season: Winter Fall']"
Unisex Custom Hoodies Graphic Prints 3D Print Basic Casual Spring & Fall Streetwear Hoodie Personalized Valentine Gift Custom Made,$32.99,XL,"https://litb-cgis.rightinthebox.com/images/170x170/202312/bps/product/inc/muqfjc1703751463541.jpg,https://litb-cgis.rightinthebox.com/images/170x170/202309/bps/product/inc/qcapph1695294378000.jpg,https://litb-cgis.rightinthebox.com/images/170x170/202309/bps/product/inc/foczdn1695805575817.jpg,https://litb-cgis.rightinthebox.com/images/170x170/202309/bps/product/inc/fzvxgk1695366078804.jpg","['1.', ""Gender: Men's"", '2.', 'Neckline: Hooded', '3.', 'Design: Print - Indispensable quarterly fashion elements, sweet and romantic, to enhance the charm of the perfect female embellishment', '4.', 'Sleeve Length: Long Sleeve', '5.', 'Season: Winter Fall']"
Unisex Custom Hoodies Graphic Prints 3D Print Basic Casual Spring & Fall Streetwear Hoodie Personalized Valentine Gift Custom Made,$32.99,XXL,"https://litb-cgis.rightinthebox.com/images/170x170/202312/bps/product/inc/muqfjc1703751463541.jpg,https://litb-cgis.rightinthebox.com/images/170x170/202309/bps/product/inc/qcapph1695294378000.jpg,https://litb-cgis.rightinthebox.com/images/170x170/202309/bps/product/inc/foczdn1695805575817.jpg,https://litb-cgis.rightinthebox.com/images/170x170/202309/bps/product/inc/fzvxgk1695366078804.jpg","['1.', ""Gender: Men's"", '2.', 'Neckline: Hooded', '3.', 'Design: Print - Indispensable quarterly fashion elements, sweet and romantic, to enhance the charm of the perfect female embellishment', '4.', 'Sleeve Length: Long Sleeve', '5.', 'Season: Winter Fall']"
Unisex Custom Hoodies Graphic Prints 3D Print Basic Casual Spring & Fall Streetwear Hoodie Personalized Valentine Gift Custom Made,$32.99,3XL,"https://litb-cgis.rightinthebox.com/images/170x170/202312/bps/product/inc/muqfjc1703751463541.jpg,https://litb-cgis.rightinthebox.com/images/170x170/202309/bps/product/inc/qcapph1695294378000.jpg,https://litb-cgis.rightinthebox.com/images/170x170/202309/bps/product/inc/foczdn1695805575817.jpg,https://litb-cgis.rightinthebox.com/images/170x170/202309/bps/product/inc/fzvxgk1695366078804.jpg","['1.', ""Gender: Men's"", '2.', 'Neckline: Hooded', '3.', 'Design: Print - Indispensable quarterly fashion elements, sweet and romantic, to enhance the charm of the perfect female embellishment', '4.', 'Sleeve Length: Long Sleeve', '5.', 'Season: Winter Fall']"
